Date,SP500,DAX,NASDAQ100,EUROSTOXX50,MSCIWORLD,GOLD,SILVER,BITCOIN
2013-01-03,1459.37,10224.6768,2732.26,3560.7961,45.2578,1673.7,30.671,13.42
2013-01-04,1466.47,10134.719,2724.49,3531.0179,44.6994,1648.1,29.896,13.47
2013-01-07,1461.89,10104.6182,2724.22,3522.4107,44.4398,1645.5,30.032,13.53
2013-01-08,1457.15,10100.8403,2718.72,3532.5502,44.3376,1661.5,30.415,13.61
2013-01-09,1461.02,10100.1713,2727.6499,3540.5877,44.3376,1654.8,30.201,13.84
2013-01-10,1472.12,10063.2776,2744.1799,3535.6007,45.0061,1677.3,30.875,13.99
2013-01-11,1472.05,10240.9474,2748.26,3607.3667,45.2421,1660.0,30.367,14.32
2013-01-14,1470.6801,10328.1975,2735.7,3628.0012,45.2421,1668.9,31.08,14.31
2013-01-15,1472.34,10268.7761,2722.98,3614.1673,45.25,1683.4,31.498,14.34
2013-01-16,1472.63,10235.7329,2734.73,3596.6728,45.25,1682.7,31.514,14.53
2013-01-17,1480.9399,10281.0478,2747.1499,3613.6763,45.25,1690.4,31.786,14.86
2013-01-18,1485.98,10299.8529,2743.24,3623.4155,45.3129,1686.6,31.902,15.53
2013-01-21,1485.98,10321.4916,2743.24,3631.8746,45.3129,1686.6,31.902,16.15
2013-01-22,1492.5601,10244.8121,2746.1899,3616.3359,45.3129,1692.8,32.147,17.13
2013-01-23,1494.8101,10261.8062,2762.1699,3605.7996,46.304,1686.3,32.409,17.59
2013-01-24,1494.8199,10311.5913,2723.53,3623.8487,46.304,1669.5,31.695,17.97
2013-01-25,1502.96,10505.5883,2736.73,3668.7877,45.95,1656.4,31.18,19.1
2013-01-28,1500.1801,10547.9322,2742.4299,3695.7488,46.1624,1652.4,30.756,18.11
2013-01-29,1507.84,10553.4084,2743.5801,3696.746,46.2725,1660.7,31.159,18.77
2013-01-30,1501.96,10538.7347,2738.71,3686.0768,46.2725,1679.9,32.152,19.78
2013-01-31,1498.11,10550.8064,2731.53,3667.4943,46.2096,1660.6,31.335,20.11
2013-02-01,1513.17,10662.0251,2763.96,3688.6892,46.768,1669.4,31.942,21.4
2013-02-04,1495.71,10425.1979,2715.6799,3583.018,46.4062,1675.3,31.7,20.77
2013-02-05,1511.29,10356.2493,2754.99,3582.2321,47.3343,1672.4,31.859,20.99
2013-02-06,1512.12,10296.3193,2746.3501,3554.7331,46.6894,1677.7,31.861,20.92
2013-02-07,1509.39,10265.8128,2746.5,3513.4088,46.6894,1670.4,31.387,21.53
2013-02-08,1517.9301,10245.7485,2775.5601,3521.8112,46.7759,1666.0,31.425,22.15
2013-02-11,1517.01,10204.9894,2774.6399,3505.9758,46.7208,1648.2,30.895,23.97
2013-02-12,1519.4301,10267.387,2762.6201,3550.3772,46.5556,1648.7,31.004,24.65
2013-02-13,1520.33,10374.0884,2773.77,3574.0268,46.65,1644.2,30.854,25.15
2013-02-14,1521.38,10259.7342,2771.4299,3543.0898,46.65,1634.7,30.343,24.3
2013-02-15,1519.79,10139.5509,2764.6699,3492.1351,46.65,1608.8,29.839,27.2
2013-02-18,1519.79,10179.7832,2764.6699,3491.6597,46.65,1608.8,29.839,26.91
2013-02-19,1530.9399,10347.3615,2782.8601,3553.5225,46.8939,1603.6,29.413,26.98
2013-02-20,1511.95,10353.5161,2739.99,3536.9726,46.9175,1577.6,28.615,29.48
2013-02-21,1502.42,10065.7948,2711.51,3424.1572,45.8792,1578.2,28.695,29.79
2013-02-22,1515.6,10109.3943,2737.28,3470.1807,46.3118,1572.4,28.456,29.75
2013-02-25,1487.85,10257.4393,2700.97,3499.3734,46.3354,1586.2,28.983,29.87
2013-02-26,1496.9399,9925.6726,2713.02,3358.4008,45.7455,1615.2,29.256,30.4
2013-02-27,1515.99,10029.1762,2741.26,3412.6738,46.3669,1595.2,28.943,31.2
2013-02-28,1514.6801,10181.0893,2738.5801,3463.3746,46.5006,1577.7,28.395,31.27
2013-03-01,1518.2,10066.8149,2747.75,3417.4611,46.3669,1571.9,28.451,33.36
2013-03-04,1525.2,10012.2096,2759.53,3410.1505,46.1466,1572.1,28.457,34.25
2013-03-05,1539.79,10259.8231,2799.25,3497.6145,46.9175,1574.6,28.563,36.4
2013-03-06,1541.46,10333.5594,2792.5601,3496.8616,46.7759,1574.6,28.76,40.65
2013-03-07,1544.26,10304.6978,2799.49,3492.3426,46.8781,1574.8,28.767,42.0
2013-03-08,1551.1801,10471.3125,2804.1101,3577.7894,47.3972,1576.6,28.909,43.15
2013-03-11,1556.22,10370.0158,2811.8601,3531.0673,47.1534,1577.8,28.812,45.6
2013-03-12,1552.48,10382.0147,2800.8101,3534.2761,47.0826,1591.5,29.131,48.2
2013-03-13,1554.52,10385.5513,2798.6799,3524.0783,47.059,1588.3,28.922,44.32
2013-03-14,1563.23,10442.3605,2807.3,3556.6927,47.6411,1590.6,28.772,47.07
2013-03-15,1560.7,10465.6483,2799.4099,3546.8057,47.704,1592.5,28.817,46.86
2013-03-18,1552.1,10327.9921,2792.3,3488.0936,47.3894,1604.6,28.841,47.38
2013-03-19,1548.34,10288.4018,2787.27,3458.848,47.1377,1611.3,28.81,52.12
2013-03-20,1558.71,10293.6445,2805.9099,3484.6984,47.1691,1607.5,28.783,59.53
2013-03-21,1545.8,10265.9634,2774.8501,3473.4308,47.177,1613.8,29.179,65.93
2013-03-22,1556.89,10209.5109,2800.8101,3460.6657,47.4287,1606.2,28.666,70.25
2013-03-25,1551.6899,10251.1041,2789.45,3450.4371,47.2478,1604.6,28.785,71.93
2013-03-26,1563.77,10132.0176,2806.5,3396.0655,47.4838,1595.8,28.644,74.1
2013-03-27,1562.85,10016.8337,2809.98,3359.645,47.4838,1606.2,28.577,78.79
2013-03-28,1569.1899,9960.7847,2818.6899,3352.9517,47.4838,1594.8,28.292,88.8
2013-04-01,1562.17,9960.7847,2797.0701,3352.9517,47.1927,1600.0,27.913,93.25
2013-04-02,1570.25,10208.0064,2820.6201,3443.588,47.7276,1575.1,27.217,104.0
2013-04-03,1553.6899,10095.8337,2795.04,3383.3463,47.0669,1552.8,26.773,117.34
2013-04-04,1559.98,10045.4775,2794.9199,3368.5814,47.5467,1551.8,26.748,131.0
2013-04-05,1553.28,9901.4215,2771.75,3342.314,47.2714,1575.4,27.201,133.0
2013-04-08,1563.0699,9955.3591,2786.1299,3363.9729,47.2714,1572.0,27.12,163.3
2013-04-09,1568.61,9951.1533,2804.6699,3381.2769,47.8692,1586.2,27.866,186.96
2013-04-10,1587.73,10216.5178,2859.21,3481.472,48.4591,1558.3,27.639,231.05
2013-04-11,1593.37,10276.6814,2859.0701,3491.4292,48.9861,1564.3,27.685,159.88
2013-04-12,1588.85,10157.0753,2856.48,3453.7311,48.6557,1501.0,26.322,124.9
2013-04-15,1552.36,10102.9995,2797.47,3438.1844,47.4208,1360.6,23.355,100.0
2013-04-16,1574.5699,10029.3475,2838.4099,3406.3526,48.2546,1386.8,23.622,68.1
2013-04-17,1552.01,9888.0198,2781.98,3365.1685,47.0118,1382.2,23.301,68.0
2013-04-18,1541.61,9741.9478,2741.95,3331.074,47.1141,1392.0,23.239,93.9
2013-04-19,1555.25,9737.58,2780.46,3361.3888,47.1141,1395.3,22.955,111.0
2013-04-22,1562.5,9763.1826,2810.0701,3373.0923,47.1141,1421.0,23.32,119.0
2013-04-23,1578.78,10002.8866,2835.3701,3478.1608,47.6568,1408.6,22.813,127.0
2013-04-24,1578.79,10082.4235,2834.1201,3511.1623,48.1602,1423.4,22.829,142.5
2013-04-25,1585.16,10196.381,2848.6599,3520.4503,50.3547,1461.8,24.14,155.07
2013-04-26,1582.24,10164.8793,2840.55,3490.4133,47.9793,1453.6,23.758,141.99
2013-04-29,1593.61,10269.0687,2866.95,3544.1622,48.2153,1467.4,24.122,134.44
2013-04-30,1597.5699,10363.6851,2887.4399,3551.5977,48.7658,1472.2,24.144,144.54
2013-05-01,1582.7,10363.6851,2873.3501,3551.5977,48.286,1446.3,23.305,139.0
2013-05-02,1597.59,10495.2674,2911.1399,3584.1021,49.2771,1467.7,23.79,117.0
2013-05-03,1614.42,10611.8239,2944.5901,3610.7655,49.5524,1464.3,23.975,103.3
2013-05-06,1617.5,10645.7745,2955.3601,3609.6064,50.0479,1468.1,23.918,115.98
2013-05-07,1625.96,10693.7387,2952.8799,3619.2393,50.1659,1449.0,23.771,112.3
2013-05-08,1632.6899,10788.1657,2968.24,3641.4545,50.3704,1473.9,23.892,111.7
2013-05-09,1626.67,10874.6373,2961.1201,3641.4545,50.9682,1468.8,23.879,113.35
2013-05-10,1633.7,10790.6538,2981.02,3630.3961,50.8502,1436.8,23.632,112.69
2013-05-13,1633.77,10734.3411,2982.0901,3600.967,51.039,1434.5,23.67,115.1
2013-05-14,1650.34,10830.8573,2996.05,3630.9711,50.1266,1424.7,23.355,117.99
2013-05-15,1658.78,10818.5562,3002.6201,3634.7852,50.1266,1396.5,22.643,112.0
2013-05-16,1650.47,10782.441,2999.3401,3615.7164,51.7626,1387.1,22.643,114.22
2013-05-17,1667.47,10819.377,3028.96,3630.4949,51.0468,1364.9,22.339,117.41
2013-05-20,1666.29,10853.6099,3020.97,3630.4949,50.6771,1384.3,22.568,121.99
2013-05-21,1669.16,10921.5834,3026.45,3637.4122,52.0064,1377.8,22.442,122.02
2013-05-22,1655.35,11021.1095,2999.1299,3662.5671,50.5906,1367.6,22.458,122.7
2013-05-23,1650.51,10725.6816,2991.45,3565.9636,50.5906,1392.0,22.494,123.0
2013-05-24,1649.6,10734.688,2991.02,3572.8654,49.2378,1386.8,22.482,126.7
2013-05-27,1649.6,10846.1304,2991.02,3616.11,49.2378,1386.8,22.482,133.5
2013-05-28,1660.0601,10969.1012,3011.9399,3667.8956,49.5917,1379.1,22.18,129.76
2013-05-29,1648.36,10709.48,2994.8201,3579.6927,49.3951,1391.3,22.445,129.0
2013-05-30,1654.41,10876.4394,3011.8301,3624.3575,49.3951,1411.5,22.674,132.3
2013-05-31,1630.74,10890.1697,2981.76,3612.6994,50.0322,1392.6,22.228,128.88
2013-06-03,1640.42,10768.6107,2990.79,3571.0907,49.1434,1411.7,22.715,122.42
2013-06-04,1631.38,10845.242,2973.6899,3602.5045,50.4962,1397.1,22.4,122.03
2013-06-05,1608.9,10715.2211,2937.1399,3542.0247,48.9546,1398.4,22.465,121.42
2013-06-06,1622.5601,10604.0062,2950.3,3504.0391,48.9546,1415.7,22.701,121.9
2013-06-07,1643.38,10933.7845,2990.8701,3608.1963,48.8052,1383.0,21.737,118.97
2013-06-10,1642.8101,10986.1015,2990.49,3596.1382,48.9782,1386.2,21.921,100.2
2013-06-11,1626.13,10873.3926,2959.8401,3548.2674,48.3332,1377.0,21.645,106.1
2013-06-12,1612.52,10768.6717,2926.1399,3526.2098,50.3547,1391.8,21.796,109.0
2013-06-13,1636.36,10798.8933,2962.8999,3550.6037,50.3547,1377.6,21.582,108.1
2013-06-14,1626.73,10865.385,2943.8601,3565.6499,50.3547,1387.3,21.953,103.9
2013-06-17,1639.04,10966.882,2971.26,3607.7232,50.803,1382.8,21.757,99.9
2013-06-18,1651.8101,10997.1666,2996.0901,3609.2765,50.803,1366.6,21.676,101.95
2013-06-19,1628.9301,10975.8315,2959.5,3593.83,50.7322,1373.6,21.622,107.39
2013-06-20,1588.1899,10538.4262,2890.3301,3437.8736,48.9625,1285.9,19.822,107.68
2013-06-21,1592.4301,10309.5008,2877.9399,3374.3812,48.8838,1291.6,19.958,111.12
2013-06-24,1573.09,10081.1873,2848.2,3291.8288,46.4062,1276.8,19.493,107.98
2013-06-25,1588.03,10258.0503,2866.5,3340.0355,46.4062,1274.8,19.526,102.98
2013-06-26,1603.26,10386.6247,2893.8501,3404.4131,48.9231,1229.6,18.587,103.89
2013-06-27,1613.2,10398.6644,2906.8401,3409.3228,47.8617,1211.4,18.533,104.0
2013-06-28,1606.28,10375.5917,2909.6001,3392.7208,47.8617,1223.8,19.451,101.77
2013-07-01,1614.96,10390.3177,2927.3501,3413.0924,47.8617,1255.9,19.56,97.25
2013-07-02,1614.08,10337.4973,2929.6299,3401.764,47.8221,1243.6,19.298,87.0
2013-07-03,1615.41,10161.6132,2941.4099,3336.5694,48.4549,1252.1,19.689,91.05
2013-07-04,1615.41,10401.2673,2941.4099,3443.3704,48.4549,1252.1,19.689,78.11
2013-07-05,1631.89,10075.7678,2963.22,3350.8576,49.0402,1212.9,18.726,80.04
2013-07-08,1640.46,10222.8921,2966.1299,3400.7929,49.0402,1234.9,19.025,75.0
2013-07-09,1652.3199,10371.1354,2984.3201,3429.0162,49.0402,1245.9,19.125,76.49
2013-07-10,1652.62,10310.4451,3000.6599,3399.5985,49.0402,1247.4,19.151,76.7
2013-07-11,1675.02,10759.6139,3059.46,3536.0555,49.6888,1280.1,19.943,87.9
2013-07-12,1680.1899,10756.8782,3079.0701,3503.4774,50.3058,1277.8,19.779,88.9
2013-07-15,1682.5,10754.6161,3079.8501,3508.8023,50.0052,1283.8,19.826,94.69
2013-07-16,1676.26,10709.5464,3077.47,3480.9538,51.2154,1290.8,19.923,98.4
2013-07-17,1680.91,10855.9026,3085.28,3526.9794,51.0176,1277.9,19.409,97.05
2013-07-18,1689.37,10935.7527,3077.8201,3565.1848,52.0696,1284.6,19.376,98.8
2013-07-19,1692.09,10923.211,3044.9299,3561.0691,52.0696,1293.3,19.448,90.1
2013-07-22,1695.53,10963.6514,3055.23,3586.6188,51.0414,1336.4,20.498,90.76
2013-07-23,1692.39,10966.7604,3031.3999,3591.6001,50.6142,1335.1,20.246,91.99
2013-07-24,1685.9399,11079.962,3041.1599,3639.387,50.5035,1319.7,20.014,95.56
2013-07-25,1690.25,10947.0795,3061.6699,3614.6817,50.8594,1329.0,20.147,94.51
2013-07-26,1691.65,10944.4743,3076.23,3639.7377,50.6301,1321.7,19.765,97.0
2013-07-29,1685.33,10974.1433,3068.95,3643.0594,51.8402,1328.4,19.854,98.7
2013-07-30,1685.96,10970.3947,3085.3301,3659.7208,51.8402,1324.0,19.666,101.48
2013-07-31,1685.73,10977.9796,3090.1899,3671.9193,50.6459,1312.4,19.617,107.8
2013-08-01,1706.87,11187.457,3126.3,3671.9193,51.3182,1311.0,19.615,106.2
2013-08-02,1709.67,11107.2157,3143.52,3713.8818,51.3182,1310.6,19.903,104.62
2013-08-05,1707.14,11152.1901,3143.1899,3730.1712,52.4493,1302.6,19.711,105.54
2013-08-06,1697.37,11003.3686,3122.2,3699.8769,51.8244,1283.2,19.515,106.72
2013-08-07,1690.91,10993.1601,3118.6899,3718.8788,51.3736,1286.1,19.498,106.56
2013-08-08,1697.48,11097.4563,3130.1299,3757.9944,52.6945,1310.7,20.184,105.99
2013-08-09,1691.42,11156.7203,3118.5701,3780.7008,52.6945,1312.9,20.399,103.01
2013-08-12,1689.47,11150.7212,3125.9299,3771.2427,52.4018,1334.7,21.332,105.0
2013-08-13,1694.16,11187.0046,3141.0601,3777.3304,52.4018,1321.2,21.336,106.64
2013-08-14,1685.39,11193.6647,3129.45,3783.4527,52.5205,1334.0,21.781,109.35
2013-08-15,1661.3199,11110.4642,3076.23,3761.5367,51.5555,1361.6,22.929,99.19
2013-08-16,1655.83,11206.5871,3073.9099,3811.5887,50.2267,1371.7,23.317,98.08
2013-08-19,1646.0601,11151.4842,3069.76,3763.2623,50.2267,1366.2,23.161,99.3
2013-08-20,1652.35,11067.1496,3082.1699,3717.4553,50.2267,1373.1,23.066,102.85
2013-08-21,1642.8,11119.863,3071.47,3723.7686,49.8312,1370.6,22.958,104.88
2013-08-22,1656.96,11205.2544,3101.8201,3752.462,51.0493,1371.2,23.03,110.43
2013-08-23,1663.5,11240.9386,3124.27,3774.206,51.0493,1395.7,23.733,109.71
2013-08-26,1656.78,11291.7331,3122.6699,3776.9403,50.9544,1393.0,24.008,113.28
2013-08-27,1630.48,11027.8682,3059.5801,3678.2976,49.0798,1420.6,24.649,111.79
2013-08-28,1634.96,10925.1249,3072.1699,3672.9254,50.29,1419.0,24.389,117.72
2013-08-29,1638.17,10927.3777,3093.3601,3678.1881,49.2775,1412.9,24.09,117.92
2013-08-30,1632.97,10725.546,3073.8101,3602.0783,49.7916,1396.1,23.463,118.5
2013-09-02,1632.97,10888.7469,3073.8101,3602.0783,49.7916,1396.1,23.463,130.67
2013-09-03,1639.77,10790.3584,3091.76,3631.6695,49.7916,1412.0,24.382,130.09
2013-09-04,1653.08,10797.3184,3124.54,3633.7758,49.7916,1389.9,23.369,129.13
2013-09-05,1655.08,10870.6871,3129.9399,3662.1167,50.6301,1373.1,23.206,122.27
2013-09-06,1655.17,10856.3277,3133.3799,3677.6292,50.8832,1386.7,23.842,122.63
2013-09-09,1671.71,10903.3801,3169.9299,3686.5463,50.6063,1386.8,23.668,118.18
2013-09-10,1683.99,11198.4465,3185.0701,3780.394,50.6063,1364.1,22.966,120.52
2013-09-11,1689.13,11270.6858,3179.8601,3798.7236,50.6063,1363.9,23.121,122.02
2013-09-12,1683.42,11310.2536,3175.5701,3811.0123,51.334,1330.4,22.099,126.54
2013-09-13,1687.99,11316.621,3178.28,3812.9507,51.0572,1308.4,21.67,127.07
2013-09-16,1697.6,11506.3989,3168.6899,3867.0476,51.2549,1317.9,21.963,125.35
2013-09-17,1704.76,11466.5749,3190.8301,3855.9365,51.4369,1309.5,21.735,126.2
2013-09-18,1725.52,11535.9726,3231.3101,3885.7097,52.9555,1307.8,21.514,139.15
2013-09-19,1722.34,11757.1531,3237.6101,3970.6279,52.5917,1369.4,23.242,127.12
2013-09-20,1709.91,11741.8897,3224.73,3961.7115,52.7973,1332.5,21.876,124.18
2013-09-23,1701.84,11687.474,3219.3401,3933.6132,52.5917,1326.9,21.805,122.93
2013-09-24,1697.42,11696.2739,3218.6599,3945.6398,51.8719,1316.0,21.539,122.65
2013-09-25,1692.77,11674.183,3208.55,3943.6742,52.829,1335.9,21.838,123.75
2013-09-26,1698.67,11711.2496,3234.04,3951.0009,52.829,1323.6,21.72,123.4
2013-09-27,1691.75,11681.0651,3230.3,3937.0736,52.5205,1338.4,21.783,124.65
2013-09-30,1681.55,11598.5383,3218.2,3904.4387,52.5917,1326.5,21.656,127.01
2013-10-01,1695.0,11752.2454,3253.05,3966.9717,52.1962,1286.0,21.124,126.25
2013-10-02,1693.87,11669.8942,3253.26,3946.5422,51.7295,1320.6,21.846,127.54
2013-10-03,1678.66,11669.8942,3213.8301,3944.2769,51.2787,1317.4,21.739,103.85
2013-10-04,1690.5,11748.0753,3242.5701,3989.5776,51.5239,1309.7,21.705,117.57
2013-10-07,1676.12,11658.769,3215.6899,3966.5636,51.1996,1324.8,22.339,122.49
2013-10-08,1655.45,11610.3371,3153.8701,3939.8443,50.638,1324.2,22.397,123.8
2013-10-09,1656.4,11581.031,3142.54,3949.8639,51.2945,1306.9,21.846,124.12
2013-10-10,1692.5601,11743.3985,3210.8401,4014.7236,51.2866,1296.6,21.85,125.9
2013-10-11,1703.2,11801.7937,3233.8301,4023.2118,52.3465,1268.0,21.215,126.8
2013-10-14,1710.14,11826.6493,3256.02,4036.7794,51.777,1276.4,21.31,132.62
2013-10-15,1698.0601,11937.577,3244.6599,4073.7588,51.4922,1273.0,21.146,135.17
2013-10-16,1721.54,11961.3284,3281.6699,4077.3444,53.1374,1282.0,21.32,141.02
2013-10-17,1733.15,11915.972,3301.28,4070.79,53.5408,1322.7,21.903,138.19
2013-10-18,1744.5,12115.9226,3353.8799,4145.6218,53.6437,1314.4,21.869,143.94
2013-10-21,1744.66,12132.0851,3361.1799,4143.7835,53.4459,1315.7,22.233,186.12
2013-10-22,1754.67,12236.5118,3366.9299,4165.3834,53.8968,1342.5,22.754,179.8
2013-10-23,1746.38,12290.2024,3346.05,4157.1846,53.4617,1333.9,22.582,189.75
2013-10-24,1752.0699,12376.1507,3362.3799,4187.972,53.699,1350.2,22.786,203.7
2013-10-25,1759.77,12403.8757,3383.8301,4188.8102,53.8651,1352.4,22.603,195.33
2013-10-28,1762.11,12395.2877,3382.6799,4172.0141,54.2132,1352.0,22.498,194.06
2013-10-29,1771.95,12440.7614,3391.75,4206.6188,54.2685,1345.2,22.452,206.9
2013-10-30,1763.3101,12382.8682,3385.3799,4178.8387,54.0233,1349.0,22.946,216.0
2013-10-31,1756.54,12398.1618,3377.73,4210.4579,53.9284,1323.6,21.832,206.01
2013-11-01,1761.64,12232.4178,3379.76,4144.733,54.0471,1313.1,21.804,203.54
2013-11-04,1767.9301,12194.8413,3384.75,4130.7571,54.2764,1314.6,21.678,209.8
2013-11-05,1762.97,12177.6,3388.8201,4103.6481,53.9838,1308.0,21.614,229.95
2013-11-06,1770.49,12180.8499,3385.3799,4117.9165,53.5804,1317.7,21.746,252.59
2013-11-07,1747.15,12275.8089,3321.4099,4113.5245,53.6753,1308.4,21.639,265.1
2013-11-08,1770.61,12173.1921,3366.8401,4069.5529,53.0346,1284.5,21.307,291.02
2013-11-11,1771.89,12157.1047,3362.98,4074.895,53.0346,1281.0,21.272,328.0
2013-11-12,1767.6899,12170.9421,3365.23,4069.2991,53.0346,1271.1,20.768,343.61
2013-11-13,1782.0,12169.6526,3405.5601,4060.4394,53.8019,1268.3,20.432,354.9
2013-11-14,1790.62,12342.5565,3415.1399,4119.3159,53.786,1286.2,20.712,393.0
2013-11-15,1798.1801,12330.9664,3422.5801,4108.0357,54.0154,1287.3,20.717,415.0
2013-11-18,1791.53,12439.5639,3388.8701,4154.8231,55.1386,1272.2,20.349,475.0
2013-11-19,1787.87,12414.977,3378.1299,4117.7178,53.786,1273.4,20.326,660.2
2013-11-20,1781.37,12484.8322,3367.1699,4134.4261,53.8177,1257.9,20.05,547.0
2013-11-21,1795.85,12353.8463,3402.74,4089.711,54.7668,1243.5,19.928,597.98
2013-11-22,1804.76,12419.7273,3422.02,4116.9621,54.9646,1244.0,19.856,716.77
2013-11-25,1802.48,12603.6078,3427.49,4164.295,54.4109,1241.1,19.88,807.5
2013-11-26,1802.75,12567.2263,3445.76,4142.9869,54.3397,1241.4,19.846,814.56
2013-11-27,1807.23,12687.412,3470.48,4182.4731,54.4267,1237.8,19.633,917.79
2013-11-28,1807.23,12742.1135,3470.48,4197.5511,54.4267,1237.8,19.633,965.0
2013-11-29,1805.8101,12794.9336,3487.8201,4199.053,55.0279,1250.6,19.981,1014.1
2013-12-02,1800.9,12772.6669,3481.1499,4180.4511,54.229,1222.3,19.233,955.01
2013-12-03,1795.15,12490.386,3479.3401,4081.4148,53.8572,1221.7,19.011,1043.98
2013-12-04,1792.8101,12422.7096,3483.01,4065.9961,53.8335,1248.2,19.774,1050.21
2013-12-05,1785.03,12343.1796,3477.73,4012.2957,53.5567,1233.2,19.514,1136.9
2013-12-06,1805.09,12538.6659,3504.26,4073.5718,54.1578,1230.3,19.465,1035.0
2013-12-09,1808.37,12603.3744,3516.1699,4096.4252,54.2369,1235.3,19.644,786.6
2013-12-10,1802.62,12523.4483,3514.2,4068.2891,54.142,1262.4,20.256,894.0
2013-12-11,1782.22,12494.1307,3468.99,4056.8061,53.5329,1258.5,20.298,978.76
2013-12-12,1775.5,12430.8975,3460.29,4036.7263,52.8369,1226.0,19.402,876.88
2013-12-13,1775.3199,12384.6093,3456.3999,4017.8757,52.9713,1235.7,19.559,874.72
2013-12-16,1786.54,12590.0739,3475.79,4092.6165,53.6911,1245.5,20.049,862.98
2013-12-17,1781.0,12503.778,3469.3201,4048.7207,53.4855,1231.2,19.792,690.0
2013-12-18,1810.65,12644.4265,3509.6299,4097.0738,54.3557,1236.1,20.014,673.62
2013-12-19,1809.6,12775.9093,3498.6299,4125.6003,54.308,1195.0,19.143,522.0
2013-12-20,1818.3199,12836.6892,3531.1899,4164.1288,54.308,1205.1,19.418,685.3
2013-12-23,1827.99,12979.1817,3569.3999,4200.5114,54.9285,1198.4,19.378,614.11
2013-12-24,1833.3199,12979.1817,3572.8,4200.5114,54.5148,1205.1,19.453,659.99
2013-12-26,1842.02,12979.1817,3584.5801,4200.5114,55.3183,1214.1,19.885,679.02
2013-12-27,1841.4,13133.8115,3574.02,4261.392,55.0796,1216.1,20.013,747.0
2013-12-30,1841.0699,13134.4502,3570.0801,4263.8533,55.541,1203.1,19.581,728.19
2013-12-31,1848.36,13134.4502,3592.0,4263.8533,55.899,1201.9,19.339,736.5
2014-01-02,1831.98,12940.7621,3563.5701,4263.8533,55.3262,1225.0,20.098,749.27
2014-01-03,1831.37,12894.6584,3538.73,4201.7055,55.3262,1238.4,20.182,781.23
2014-01-06,1826.77,12818.3162,3526.96,4172.8322,54.8569,1237.8,20.077,904.98
2014-01-07,1837.88,12958.8188,3557.8501,4240.8497,55.541,1229.4,19.765,915.69
2014-01-08,1837.49,12932.6124,3567.54,4235.5904,55.4058,1225.3,19.518,790.0
2014-01-09,1838.13,12787.0278,3552.5801,4194.1069,54.8489,1229.3,19.663,823.3
2014-01-10,1842.37,12890.3409,3565.0801,4223.8505,55.5092,1246.7,20.201,826.28
2014-01-13,1819.2,13002.1605,3512.8,4254.5972,55.2864,1250.9,20.361,844.04
2014-01-14,1838.88,13041.8574,3580.6499,4264.3912,55.199,1245.2,20.251,823.0
2014-01-15,1848.38,13304.6427,3609.8401,4331.2148,55.7001,1238.1,20.103,816.0
2014-01-16,1845.89,13215.4404,3611.29,4284.0628,55.6842,1240.0,20.025,841.83
2014-01-17,1838.7,13268.0031,3591.25,4295.2665,55.5808,1251.7,20.267,817.15
2014-01-20,1838.7,13143.2717,3591.25,4265.479,55.5808,1251.7,20.267,841.1
2014-01-21,1843.8,13183.3722,3617.7,4272.1187,55.8035,1242.3,19.838,827.81
2014-01-22,1844.86,13179.6314,3627.72,4272.8504,55.8512,1239.0,19.809,824.78
2014-01-23,1828.46,13042.5898,3613.76,4221.226,55.0955,1262.6,19.986,819.62
2014-01-24,1790.29,12856.7977,3541.48,4145.323,54.1807,1264.5,19.743,811.22
2014-01-27,1781.5601,12797.1578,3509.02,4126.3945,53.8625,1263.6,19.771,814.21
2014-01-28,1792.5,12863.6228,3505.72,4155.1801,54.3239,1251.0,19.483,747.57
2014-01-29,1774.2,12749.3486,3467.8201,4112.1488,53.7193,1262.2,19.533,785.6
2014-01-30,1794.1899,12802.853,3532.4099,4134.8651,53.9103,1242.2,19.111,794.0
2014-01-31,1782.59,12618.4432,3521.9199,4086.5591,53.6,1240.1,19.105,800.0
2014-02-03,1741.89,12390.9413,3440.5,3997.842,52.55,1260.4,19.389,814.34
2014-02-04,1755.2,12345.5243,3470.2,4006.7761,52.8045,1251.7,19.402,808.5
2014-02-05,1751.64,12321.5158,3454.8999,4004.0951,52.717,1257.3,19.785,802.99
2014-02-06,1773.4301,12528.8706,3497.6001,4075.1334,53.6239,1257.6,19.908,781.0
2014-02-07,1797.02,12643.2882,3561.9099,4129.9544,54.2126,1263.3,19.92,763.97
2014-02-10,1799.84,12652.1762,3582.1101,4130.1056,54.1728,1274.8,20.099,687.37
2014-02-11,1819.75,12934.8255,3621.72,4199.0148,55.0796,1290.1,20.143,688.68
2014-02-12,1819.26,13011.6339,3627.3601,4221.1294,55.191,1295.3,20.331,675.1
2014-02-13,1829.83,13042.101,3659.5601,4210.1434,55.3342,1300.4,20.385,652.91
2014-02-14,1838.63,13216.973,3663.8799,4266.4898,55.4853,1319.0,21.411,610.0
2014-02-17,1838.63,13229.7068,3663.8799,4266.4898,55.4853,1319.0,21.411,623.88
2014-02-18,1840.76,13238.1977,3679.4299,4272.28,55.6206,1324.7,21.891,629.96
2014-02-19,1828.75,13294.1348,3652.8501,4294.8367,55.6524,1320.6,21.844,629.59
2014-02-20,1839.78,13207.0821,3671.9299,4286.0735,55.8035,1317.1,21.678,624.85
2014-02-21,1836.25,13250.4809,3662.6001,4297.0225,55.8035,1323.9,21.777,563.0
2014-02-24,1847.61,13338.1057,3685.8101,4337.5006,56.3524,1338.3,22.047,611.05
2014-02-25,1845.12,13323.0995,3679.1399,4337.1382,56.0899,1343.0,21.96,542.68
2014-02-26,1845.16,13281.0947,3676.6001,4327.528,55.8433,1328.2,21.254,559.52
2014-02-27,1854.29,13118.7047,3699.8,4289.209,55.5251,1331.6,21.314,585.21
2014-02-28,1859.45,13285.3755,3696.1001,4316.7929,56.432,1321.4,21.204,583.05
2014-03-03,1845.73,12893.6963,3668.3701,4207.467,55.6842,1350.1,21.448,561.0
2014-03-04,1873.91,13172.6333,3719.9299,4308.3823,56.4001,1337.8,21.188,681.96
2014-03-05,1873.8101,13111.8525,3727.1899,4309.1901,56.591,1340.2,21.239,673.28
2014-03-06,1877.03,13106.3573,3720.9299,4318.7567,56.949,1351.7,21.542,670.7
2014-03-07,1878.04,12963.0269,3703.3999,4291.0555,56.8774,1338.1,20.897,669.0
2014-03-10,1877.17,12859.2848,3706.3401,4292.3823,56.5036,1341.4,20.879,639.9
2014-03-11,1867.63,12918.1564,3691.5,4292.1085,55.9228,1346.5,20.784,629.33
2014-03-12,1868.2,12733.7727,3707.0601,4248.1429,56.0501,1370.3,21.328,632.1
2014-03-13,1846.34,12538.8141,3651.49,4198.5288,55.533,1372.2,21.169,634.95
2014-03-14,1841.13,12557.07,3627.8701,4166.0518,55.2785,1379.0,21.384,641.01
2014-03-17,1858.83,12773.4119,3662.51,4242.3513,55.2785,1372.9,21.249,634.99
2014-03-18,1872.25,12871.7351,3706.6201,4280.6906,55.4853,1359.0,20.836,624.71
2014-03-19,1860.77,12923.7422,3682.74,4285.6388,56.1853,1341.4,20.8,615.49
2014-03-20,1872.01,12846.5096,3693.97,4268.6176,55.9388,1330.5,20.404,611.2
2014-03-21,1866.52,12876.5134,3653.0701,4267.6067,55.6762,1336.0,20.286,585.6
2014-03-24,1857.4399,12676.4369,3617.3899,4211.6651,55.4615,1311.2,20.043,559.54
2014-03-25,1865.62,12923.3337,3629.73,4285.4139,55.891,1311.4,19.955,585.58
2014-03-26,1852.5601,13057.0171,3582.8899,4325.5899,56.3524,1303.4,19.759,585.79
2014-03-27,1849.04,13025.7313,3563.1299,4318.9587,55.6444,1294.7,19.69,578.5
2014-03-28,1857.62,13174.1044,3571.49,4359.3505,55.5967,1293.8,19.772,474.2
2014-03-31,1872.34,13141.4133,3595.74,4347.874,56.6308,1283.4,19.734,458.66
2014-04-01,1885.52,13229.1614,3658.3999,4389.2004,56.6865,1279.6,19.669,457.49
2014-04-02,1890.9,13275.2481,3665.99,4397.0284,56.8376,1290.5,20.031,479.0
2014-04-03,1888.77,13257.1773,3637.5801,4415.1396,56.2808,1284.4,19.786,439.12
2014-04-04,1865.09,13306.3012,3539.3799,4433.2474,55.9149,1303.2,19.927,448.72
2014-04-07,1845.04,13033.7393,3507.75,4366.077,55.4376,1298.0,19.891,458.0
2014-04-08,1851.96,13043.2505,3538.23,4367.0773,56.1933,1308.7,20.042,449.99
2014-04-09,1872.1801,13112.3868,3600.4399,4390.1156,55.9706,1305.5,19.755,453.0
2014-04-10,1833.08,13099.2851,3487.76,4368.2943,55.9069,1320.1,20.078,441.93
2014-04-11,1815.6899,12935.567,3446.8501,4327.7464,55.5251,1318.7,19.933,369.0
2014-04-14,1830.61,12931.1977,3474.6299,4336.0333,55.7478,1327.2,19.999,417.58
2014-04-15,1842.98,12675.4226,3487.8501,4271.5894,55.2864,1300.0,19.478,459.64
2014-04-16,1862.3101,12869.7397,3533.0901,4335.9346,56.1853,1303.1,19.623,523.0
2014-04-17,1864.85,13010.8539,3534.53,4363.5546,56.591,1293.4,19.586,526.29
2014-04-21,1871.89,13010.8539,3559.95,4363.5546,56.3206,1288.0,19.341,501.54
2014-04-22,1879.55,13243.33,3588.8101,4413.9743,56.7183,1280.6,19.351,498.38
2014-04-23,1875.39,13180.5809,3557.04,4386.0325,56.7183,1284.2,19.43,488.52
2014-04-24,1878.61,13195.5272,3591.03,4408.0676,56.7422,1290.5,19.682,491.99
2014-04-25,1863.4,13004.2466,3533.1001,4353.4912,56.4558,1300.7,19.685,502.15
2014-04-28,1869.4301,13074.3669,3545.03,4381.7252,55.8751,1298.9,19.585,438.8
2014-04-29,1878.33,13276.7952,3573.99,4444.9554,56.9888,1296.0,19.488,442.44
2014-04-30,1883.95,13265.5968,3582.02,4418.154,56.2808,1295.6,19.119,448.0
2014-05-01,1883.6801,13265.5968,3594.3601,4418.154,57.4025,1283.1,18.989,452.03
2014-05-02,1881.14,13255.1283,3587.6399,4408.0423,56.7104,1302.6,19.492,460.97
2014-05-05,1884.66,13219.9938,3605.0901,4399.437,57.0604,1309.0,19.52,436.75
2014-05-06,1867.72,13137.123,3556.51,4370.6414,56.9649,1308.3,19.598,433.0
2014-05-07,1878.21,13263.8188,3546.47,4401.6353,56.5274,1288.6,19.298,428.01
2014-05-08,1875.63,13365.5171,3540.4199,4457.7227,57.2672,1287.4,19.094,440.88
2014-05-09,1878.48,13264.827,3555.7,4408.1432,57.0763,1287.3,19.077,437.61
2014-05-12,1896.65,13351.2122,3612.73,4412.998,57.1956,1295.6,19.5,437.81
2014-05-13,1897.45,13418.8491,3611.1299,4418.3405,57.1161,1294.6,19.504,442.45
2014-05-14,1888.53,13372.8024,3593.25,4401.3324,57.4263,1305.7,19.735,439.12
2014-05-15,1870.85,13248.1542,3565.1699,4339.9555,56.9331,1293.5,19.447,444.65
2014-05-16,1877.86,13207.7359,3587.2,4351.8552,56.5274,1293.3,19.292,446.53
2014-05-19,1885.08,13236.5742,3615.6201,4343.8164,56.5274,1293.7,19.322,446.89
2014-05-20,1872.83,13218.8873,3600.3101,4338.9652,56.8615,1294.5,19.367,448.02
2014-05-21,1888.03,13290.0336,3635.6101,4367.5983,57.2354,1288.0,19.307,488.12
2014-05-22,1892.49,13299.9181,3650.8601,4361.2394,57.124,1294.9,19.49,493.97
2014-05-23,1900.53,13337.7164,3677.3301,4373.9146,57.1718,1291.6,19.388,528.32
2014-05-26,1900.53,13482.7328,3677.3301,4416.2645,57.1718,1291.6,19.388,569.93
2014-05-27,1911.91,13570.5305,3723.0701,4428.87,57.5297,1265.4,19.039,584.88
2014-05-28,1909.78,13554.0298,3712.26,4426.8922,57.8718,1259.3,19.035,572.7
2014-05-29,1920.03,13510.3657,3735.72,4426.8922,58.0309,1256.3,18.983,581.0
2014-05-30,1923.5699,13527.3367,3736.8201,4414.1213,58.0707,1245.6,18.653,569.01
2014-06-02,1924.97,13560.0854,3732.96,4426.122,57.9116,1243.7,18.709,630.71
2014-06-03,1924.24,13489.8216,3730.0701,4407.4795,58.2695,1244.3,18.732,662.0
2014-06-04,1927.88,13521.1254,3743.5901,4410.3871,58.2934,1244.0,18.766,670.14
2014-06-05,1940.46,13533.1735,3776.95,4444.5427,58.4843,1253.0,19.055,642.86
2014-06-06,1949.4399,13644.4481,3794.5701,4500.6284,58.882,1252.1,18.963,661.48
2014-06-09,1951.27,13654.7106,3795.74,4500.6284,58.9537,1253.5,19.045,657.11
2014-06-10,1950.79,13631.8285,3800.8601,4504.343,58.6514,1259.8,19.147,648.81
2014-06-11,1943.89,13472.9991,3797.8501,4453.7443,58.54,1260.8,19.154,648.55
2014-06-12,1930.11,13454.1302,3763.8,4445.9668,58.0707,1273.6,19.515,624.97
2014-06-13,1936.16,13436.4427,3775.5601,4449.7398,58.182,1273.7,19.637,574.85
2014-06-16,1937.78,13380.9616,3779.9299,4415.3198,58.2059,1274.9,19.702,592.89
2014-06-17,1941.99,13468.9974,3781.3201,4446.9746,58.357,1271.7,19.721,586.0
2014-06-18,1956.98,13453.5436,3804.6101,4442.6378,58.6355,1272.4,19.767,608.0
2014-06-19,1959.48,13596.0856,3800.8,4505.0285,58.9377,1313.7,20.637,608.0
2014-06-20,1962.87,13594.0002,3802.6399,4494.9638,59.0173,1316.2,20.942,595.15
2014-06-23,1962.61,13485.5575,3805.3101,4462.028,58.9139,1318.0,20.909,598.76
2014-06-24,1949.98,13517.7035,3799.53,4467.9745,58.548,1320.9,21.038,588.25
2014-06-25,1959.53,13425.8759,3827.3301,4425.0322,58.5979,1322.2,21.111,574.98
2014-06-26,1957.22,13363.0907,3826.9099,4406.5119,58.7673,1316.1,21.103,560.76
2014-06-27,1960.96,13361.4258,3844.4399,4394.0839,58.7673,1319.0,21.077,577.34
2014-06-30,1960.23,13416.6599,3849.48,4404.7481,58.8237,1321.8,21.007,599.99
2014-07-01,1973.3199,13559.9298,3894.3301,4462.3357,59.3558,1326.4,21.067,638.99
2014-07-02,1974.62,13559.4358,3899.27,4449.3468,59.5412,1330.7,21.254,639.25
2014-07-03,1985.4399,13693.1762,3923.01,4491.4943,59.767,1320.4,21.089,650.49
2014-07-04,1985.4399,13622.4302,3923.01,4451.1332,59.767,1320.4,21.089,645.35
2014-07-07,1977.65,13460.7975,3910.71,4390.314,59.2913,1316.5,20.966,633.74
2014-07-08,1963.71,13296.8729,3864.0701,4332.7253,58.5576,1316.0,20.967,624.35
2014-07-09,1972.83,13355.9379,3892.9099,4361.6979,59.0494,1323.8,21.022,624.97
2014-07-10,1964.6801,13177.89,3880.04,4298.3302,58.4689,1338.7,21.459,621.95
2014-07-11,1967.5699,13151.1254,3904.5801,4295.1895,58.7108,1337.0,21.411,616.8
2014-07-14,1977.1,13308.5869,3929.46,4333.9726,59.0333,1306.3,20.864,630.43
2014-07-15,1973.28,13239.5386,3914.46,4295.9597,59.1059,1296.9,20.842,621.21
2014-07-16,1981.5699,13381.0197,3932.3301,4347.0363,59.4203,1299.6,20.727,624.07
2014-07-17,1958.12,13196.9697,3878.01,4272.5209,58.5738,1316.7,21.086,617.41
2014-07-18,1978.22,13140.3111,3939.8899,4277.6358,59.2994,1309.2,20.838,625.8
2014-07-21,1973.63,13007.1858,3934.1399,4245.1219,59.1704,1313.7,20.966,627.0
2014-07-22,1983.53,13167.6677,3961.6201,4314.0708,59.3155,1306.1,20.965,622.23
2014-07-23,1987.01,13136.1065,3986.1899,4300.5114,59.5332,1304.5,20.952,620.0
2014-07-24,1987.98,13185.6794,3983.1899,4335.1596,59.5735,1290.6,20.376,620.43
2014-07-25,1978.34,12985.4169,3965.1699,4275.0443,59.2913,1303.1,20.588,603.96
2014-07-28,1978.91,12889.3313,3967.24,4259.0577,59.0656,1303.3,20.526,593.68
2014-07-29,1969.95,12973.5658,3959.03,4287.7841,59.122,1298.3,20.546,589.94
2014-07-30,1970.0699,12866.1968,3976.0701,4250.2917,58.9043,1294.9,20.558,585.5
2014-07-31,1930.67,12602.2863,3892.5,4173.5456,57.8562,1281.3,20.373,563.35
2014-08-01,1925.15,12332.2312,3879.6699,4173.5456,57.6304,1293.6,20.332,582.04
2014-08-04,1938.99,12293.0454,3908.77,4123.3043,58.0175,1287.7,20.194,583.81
2014-08-05,1920.21,12334.5595,3874.9399,4123.5369,57.2273,1284.0,19.794,588.5
2014-08-06,1920.24,12209.0372,3874.27,4079.0711,57.0419,1306.7,19.985,581.96
2014-08-07,1909.5699,12096.7992,3857.9399,4032.1192,56.8081,1310.8,19.951,582.73
2014-08-08,1931.59,12034.8922,3888.0901,4016.6044,57.1709,1308.9,19.902,585.02
2014-08-11,1936.92,12306.9519,3910.46,4085.3106,57.4289,1308.5,20.06,590.74
2014-08-12,1933.75,12139.4033,3905.23,4047.2888,57.2676,1308.8,19.87,574.01
2014-08-13,1946.72,12295.3375,3949.2,4084.9148,57.6224,1312.8,19.81,569.01
2014-08-14,1955.1801,12332.0316,3969.1101,4088.1211,57.9932,1313.9,19.871,549.98
2014-08-15,1955.0601,12151.3331,3987.51,4053.9905,57.8804,1304.5,19.49,504.51
2014-08-18,1971.74,12379.9278,4020.5,4115.4927,58.5093,1297.7,19.6,498.17
2014-08-19,1981.6,12471.6474,4040.1299,4130.0705,58.6624,1295.1,19.387,474.95
2014-08-20,1986.51,12408.8388,4040.71,4107.8282,58.7269,1293.4,19.472,490.0
2014-08-21,1992.37,12466.8895,4047.03,4143.3196,59.1946,1273.7,19.39,518.82
2014-08-22,1988.4,12401.7926,4052.75,4114.6006,58.6624,1278.6,19.361,521.12
2014-08-25,1997.92,12552.1536,4067.48,4178.0107,59.1462,1277.3,19.338,508.03
2014-08-26,2000.02,12645.7714,4071.6699,4217.2222,59.3961,1283.8,19.37,501.55
2014-08-27,2000.12,12603.4988,4073.1799,4207.1543,59.3881,1281.9,19.395,513.92
2014-08-28,1996.74,12481.9418,4066.27,4174.1724,59.2833,1288.7,19.534,511.77
2014-08-29,2003.37,12486.3799,4082.5601,4183.0994,59.4606,1285.8,19.398,506.61
2014-09-01,2003.37,12443.9177,4082.5601,4168.1544,59.4606,1285.8,19.398,478.87
2014-09-02,2002.28,12484.5954,4095.8101,4176.3493,59.0414,1263.7,19.071,476.36
2014-09-03,2000.72,12641.484,4070.96,4226.9731,59.4768,1268.9,19.108,473.53
2014-09-04,1997.65,12788.3481,4066.1299,4309.9027,59.5977,1265.1,19.064,474.5
2014-09-05,2007.71,12605.5883,4089.9199,4235.8028,59.2188,1265.8,19.082,488.87
2014-09-08,2001.54,12639.935,4095.47,4232.5646,58.9849,1252.7,18.887,476.53
2014-09-09,1988.4399,12518.144,4061.8799,4183.7106,58.8076,1246.8,18.844,467.85
2014-09-10,1995.6899,12553.9293,4094.97,4198.5815,58.993,1243.5,18.856,473.35
2014-09-11,1997.45,12518.2845,4092.6499,4182.2339,58.6141,1237.4,18.533,477.74
2014-09-12,1985.54,12472.705,4069.23,4180.8653,58.5899,1229.9,18.546,477.73
2014-09-15,1984.13,12518.9598,4029.8899,4188.3097,58.4286,1233.6,18.556,474.35
2014-09-16,1998.98,12464.8103,4067.27,4168.8515,58.8559,1235.2,18.656,470.83
2014-09-17,2001.5699,12520.4114,4073.5701,4195.4231,58.5012,1234.4,18.663,457.334
2014-09-18,2011.36,12590.5989,4103.0801,4203.7113,59.1543,1225.7,18.452,424.44
2014-09-19,2010.4,12660.7061,4100.0898,4229.0599,59.1543,1215.3,17.781,394.796
2014-09-22,1994.29,12519.7952,4061.23,4183.0673,59.0736,1216.8,17.699,402.152
2014-09-23,1982.77,12331.0422,4051.5701,4120.0972,58.2271,1221.0,17.713,435.791
2014-09-24,1998.3,12419.4628,4094.3101,4169.8394,58.4689,1218.6,17.643,423.205
2014-09-25,1965.99,12151.9695,4007.8201,4091.9384,57.9207,1221.2,17.379,411.574
2014-09-26,1982.85,12107.1462,4053.72,4107.2359,57.8401,1214.1,17.477,404.425
2014-09-29,1977.8,11941.7923,4047.1799,4038.8684,57.6224,1217.5,17.516,375.467
2014-09-30,1972.29,12023.6809,4049.45,4093.9756,57.5498,1210.5,17.006,386.944
2014-10-01,1946.16,11847.943,3984.74,4034.8545,57.1144,1214.6,17.21,383.615
2014-10-02,1946.17,11608.8017,3985.8701,3921.6039,56.5743,1214.2,17.001,375.072
2014-10-03,1967.9,11608.8017,4027.3101,3970.161,57.0258,1192.2,16.78,359.512
2014-10-06,1964.8199,11524.4193,4016.27,3927.6084,56.7758,1206.7,17.18,330.079
2014-10-07,1935.1,11490.4778,3958.5901,3897.643,56.0421,1211.7,17.191,336.187
2014-10-08,1968.89,11395.2921,4041.1201,3867.9359,57.3079,1205.3,17.015,352.94
2014-10-09,1928.21,11475.1638,3969.3201,3877.0168,55.6954,1224.6,17.367,365.026
2014-10-10,1906.13,11152.1795,3870.8601,3795.9344,55.2359,1221.0,17.252,361.562
2014-10-13,1874.74,11138.7604,3808.0,3789.8253,54.6796,1229.3,17.294,390.414
2014-10-14,1877.7,11229.1447,3810.45,3818.4418,54.3007,1233.6,17.353,400.87
2014-10-15,1862.49,10834.1127,3785.97,3655.9024,54.3652,1244.1,17.415,394.773
2014-10-16,1862.76,11004.7062,3765.28,3685.7794,54.1958,1240.5,17.388,382.556
2014-10-17,1886.76,11332.261,3815.47,3792.9779,55.1633,1238.3,17.282,383.758
2014-10-20,1904.01,11114.7714,3870.0801,3732.1826,55.4697,1244.0,17.304,382.845
2014-10-21,1941.28,11371.0878,3971.3899,3827.6479,56.4695,1251.0,17.504,386.475
2014-10-22,1927.11,11367.137,3949.5901,3825.2616,56.0663,1244.8,17.186,383.158
2014-10-23,1950.8199,11437.0887,4012.27,3848.4291,56.6871,1228.5,17.114,358.417
2014-10-24,1964.58,11373.2181,4042.02,3834.6493,56.5259,1231.2,17.136,358.345
2014-10-27,1961.63,11285.5554,4046.02,3801.534,56.5662,1229.1,17.115,352.989
2014-10-28,1985.05,11517.941,4106.6299,3856.3588,57.4289,1229.2,17.185,357.618
2014-10-29,1982.3,11570.0154,4090.55,3850.0692,57.2596,1224.3,17.219,335.591
2014-10-30,1994.65,11514.5974,4100.6401,3835.1925,57.2757,1198.1,16.391,345.305
2014-10-31,2018.05,11764.319,4158.21,3926.9433,58.0416,1171.1,16.077,338.321
2014-11-03,2017.8101,11567.517,4169.2798,3853.8635,58.1626,1169.4,16.175,327.554
2014-11-04,2012.1,11454.3642,4156.23,3791.5676,57.9126,1167.4,15.927,330.492
2014-11-05,2023.5699,11693.3166,4153.27,3880.6755,58.1868,1145.4,15.418,339.486
2014-11-06,2031.21,11703.0372,4164.0801,3871.3931,58.2029,1142.3,15.392,349.29
2014-11-07,2031.92,11503.3491,4160.5,3794.3918,58.1948,1169.6,15.699,342.415
2014-11-10,2038.26,11653.7116,4175.9502,3856.2958,58.3399,1159.6,15.657,366.924
2014-11-11,2039.6801,11645.6357,4187.1602,3858.9826,58.606,1162.8,15.664,367.695
2014-11-12,2038.25,11491.4363,4195.3999,3801.7595,58.4689,1158.9,15.619,423.561
2014-11-13,2039.33,11495.8296,4213.48,3799.58,58.2755,1161.1,15.617,420.735
2014-11-14,2039.8199,11543.9527,4224.9902,3817.6383,58.5334,1185.0,16.31,397.818
2014-11-17,2041.3199,11650.1206,4213.79,3861.6834,58.6786,1183.0,16.053,387.408
2014-11-18,2051.8,11772.3961,4242.1899,3884.5981,58.8318,1196.7,16.17,375.198
2014-11-19,2048.72,11872.6107,4222.6602,3914.3221,58.4528,1193.6,16.29,380.555
2014-11-20,2052.75,11893.6166,4242.0898,3890.4063,58.606,1190.7,16.133,357.84
2014-11-21,2063.5,12209.4887,4251.3198,4007.1506,59.1543,1197.5,16.391,350.848
2014-11-24,2069.4099,12109.6182,4284.3198,3974.4827,59.1543,1195.5,16.377,376.901
2014-11-25,2067.03,12260.6112,4288.23,4011.1274,59.1865,1197.1,16.554,375.348
2014-11-26,2072.8301,12375.2675,4317.9902,4026.3592,59.251,1196.6,16.548,368.37
2014-11-27,2072.8301,12474.5129,4317.9902,4058.0774,59.251,1196.6,16.548,369.67
2014-11-28,2067.5601,12438.1261,4337.79,4051.3061,59.0817,1175.2,15.489,376.447
2014-12-01,2053.4399,12392.8883,4287.8101,4021.1825,58.9608,1218.0,16.648,379.245
2014-12-02,2066.55,12387.8687,4305.96,4038.2457,58.864,1199.2,16.408,381.315
2014-12-03,2074.3301,12353.5556,4312.9302,4023.439,59.2026,1208.5,16.359,375.01
2014-12-04,2071.9199,12133.5497,4311.9302,3930.5468,58.9446,1207.5,16.52,369.604
2014-12-05,2075.3701,12494.5745,4311.5698,4059.5796,59.1704,1190.1,16.196,376.854
2014-12-08,2060.3101,12312.5034,4278.3398,3993.103,58.7995,1194.7,16.216,361.909
2014-12-09,2059.8201,12061.0709,4294.6699,3894.9891,58.6544,1231.5,17.081,352.219
2014-12-10,2026.14,12146.7196,4224.8701,3905.5876,57.8481,1228.9,17.133,346.365
2014-12-11,2035.33,12302.4807,4246.48,3940.6613,57.8884,1225.1,17.059,350.506
2014-12-12,2002.33,11892.6231,4199.2798,3801.9287,56.9935,1222.0,17.019,352.542
2014-12-15,1989.63,11633.4847,4157.4102,3717.7506,56.5662,1207.2,16.527,345.345
2014-12-16,1972.74,11900.8622,4089.6001,3795.2665,56.0744,1193.9,15.715,327.062
2014-12-17,2012.89,11942.0321,4165.1001,3818.6632,56.8373,1194.3,15.891,319.776
2014-12-18,2061.23,12105.8437,4267.77,3891.4295,58.4656,1194.7,15.894,311.396
2014-12-19,2070.6499,12028.6122,4281.7798,3860.7739,58.6529,1195.9,15.991,317.843
2014-12-22,2078.54,12061.8636,4293.6699,3857.1883,58.8971,1179.7,15.649,331.886
2014-12-23,2082.1699,12128.5329,4279.2998,3902.3933,59.06,1177.9,15.73,334.572
2014-12-24,2081.8799,12128.5329,4283.1001,3902.3933,59.3286,1173.5,15.673,322.534
2014-12-26,2088.77,12128.5329,4314.0898,3902.3933,59.4019,1195.3,16.112,327.924
2014-12-29,2090.5701,12080.768,4312.6401,3902.3933,59.2309,1181.7,15.744,312.67
2014-12-30,2080.3501,11917.1496,4282.3501,3811.2686,58.8809,1200.2,16.24,310.737
2014-12-31,2058.8999,11917.1496,4236.2798,3811.2686,58.3435,1183.9,15.565,320.193
2015-01-02,2058.2,11804.9863,4230.2402,3811.2686,58.3353,1186.0,15.734,315.032
2015-01-05,2020.58,11317.0469,4160.96,3611.5737,56.9675,1203.9,16.179,274.474
2015-01-06,2002.61,11305.8418,4110.8301,3611.5737,56.2104,1219.3,16.603,286.189
2015-01-07,2025.9,11303.1776,4160.0,3594.4211,56.7803,1210.6,16.51,294.337
2015-01-08,2062.1399,11643.7963,4240.5498,3710.681,58.0422,1208.4,16.351,283.349
2015-01-09,2044.8101,11381.4373,4213.2798,3589.4258,57.4886,1216.0,16.386,290.408
2015-01-12,2028.26,11611.8041,4169.9702,3661.1386,57.3828,1232.7,16.535,267.796
2015-01-13,2023.03,11761.7136,4166.2002,3707.8327,56.9757,1234.3,17.125,225.861
2015-01-14,2011.27,11562.8372,4145.8398,3639.1014,56.9431,1234.4,16.956,178.103
2015-01-15,1992.67,11824.3552,4089.6499,3721.2396,56.5523,1264.7,17.073,209.844
2015-01-16,2019.42,11832.6187,4142.1401,3726.568,57.3095,1276.9,17.739,208.097
2015-01-19,2019.42,11846.3443,4142.1401,3725.3063,57.3095,1276.9,17.739,214.861
2015-01-20,2022.55,11896.1868,4171.21,3763.4479,57.6026,1294.2,17.947,211.315
2015-01-21,2032.12,11892.4641,4192.0898,3775.539,57.4967,1293.7,18.179,226.897
2015-01-22,2063.1499,12121.3333,4270.3599,3859.3727,58.2132,1300.7,18.346,233.406
2015-01-23,2051.8201,12083.8075,4278.1401,3838.0935,57.8387,1292.6,18.284,232.879
2015-01-26,2057.0901,12013.6283,4275.7202,3798.5402,58.5633,1279.4,17.967,273.473
2015-01-27,2029.55,11954.7174,4165.5,3793.3799,58.3923,1291.7,18.068,263.475
2015-01-28,2002.16,12175.5682,4140.3799,3818.258,57.5782,1285.9,18.068,233.915
2015-01-29,2021.25,12113.8871,4181.3501,3803.9172,57.4398,1254.6,16.758,233.513
2015-01-30,1994.99,12122.6059,4148.4302,3799.0433,56.8861,1278.5,17.192,226.425
2015-02-02,2020.85,12245.4172,4188.5898,3811.264,57.8876,1276.2,17.235,238.229
2015-02-03,2050.03,12352.2181,4229.1499,3872.2696,58.3679,1259.7,17.305,227.268
2015-02-04,2041.51,12501.5131,4221.2002,3913.3022,57.9853,1263.8,17.379,226.853
2015-02-05,2062.52,12343.5576,4256.1802,3858.5155,58.6284,1262.0,17.18,217.111
2015-02-06,2055.47,12442.9445,4228.6802,3898.3585,58.4737,1233.9,16.678,222.266
2015-02-09,2046.74,12065.1143,4216.0898,3787.776,58.0504,1240.8,17.054,220.11
2015-02-10,2068.5901,12180.813,4281.1602,3832.0554,58.6122,1231.6,16.857,219.839
2015-02-11,2068.53,12173.4868,4297.2798,3820.1847,58.6122,1219.0,16.745,219.185
2015-02-12,2088.48,12352.2664,4347.9702,3865.9874,59.1821,1220.1,16.778,221.764
2015-02-13,2096.99,12502.5944,4384.0298,3931.6105,59.4345,1226.5,17.278,235.427
2015-02-16,2096.99,12452.5255,4384.0298,3913.9755,59.4345,1226.5,17.278,233.843
2015-02-17,2100.3401,12349.1097,4385.3398,3897.1322,59.9637,1208.1,16.362,243.61
2015-02-18,2099.6799,12500.7129,4390.9102,3952.6477,60.2161,1199.7,16.25,236.326
2015-02-19,2097.45,12542.2552,4411.8599,3976.425,60.0451,1207.1,16.371,240.283
2015-02-20,2110.3,12560.97,4443.0498,3967.5932,60.4196,1204.4,16.263,243.779
2015-02-23,2109.6599,12668.639,4449.4902,4005.8045,60.558,1200.3,16.247,238.892
2015-02-24,2115.48,12699.4488,4451.0298,4019.9233,60.9488,1196.9,16.182,238.735
2015-02-25,2113.8601,12711.3532,4440.5898,4016.0334,60.8918,1201.0,16.424,237.47
2015-02-26,2110.74,12871.8072,4462.27,4062.4317,60.6883,1209.6,16.583,236.426
2015-02-27,2104.5,12775.9717,4440.6699,4032.8094,60.6883,1212.6,16.513,253.828
2015-03-02,2117.3899,12736.199,4483.0498,4008.3605,60.8267,1207.7,16.407,275.67
2015-03-03,2107.78,12610.3769,4458.7798,3967.5697,60.4929,1204.0,16.258,281.702
2015-03-04,2098.53,12736.9272,4445.3599,4007.0668,60.3138,1200.6,16.132,273.092
2015-03-05,2101.04,12748.8021,4452.0601,4009.7187,60.2405,1195.9,16.132,276.178
2015-03-06,2071.26,12743.0858,4399.23,3990.976,59.4508,1164.1,15.784,272.723
2015-03-09,2079.4299,12561.9414,4412.9902,3915.7049,59.7601,1166.4,15.755,289.607
2015-03-10,2044.16,12458.8386,4329.0801,3864.5499,58.5552,1160.1,15.613,291.76
2015-03-11,2040.24,12642.6827,4305.3799,3908.1835,58.6203,1150.7,15.345,296.379
2015-03-12,2065.95,12446.8757,4336.23,3841.1358,59.2554,1152.1,15.493,294.354
2015-03-13,2053.3999,12647.0259,4314.8999,3885.2038,58.9378,1152.6,15.477,285.337
2015-03-16,2081.1899,12753.7543,4370.4702,3885.2784,59.638,1153.3,15.601,290.593
2015-03-17,2074.28,12667.2891,4375.6299,3882.5553,59.4752,1148.3,15.562,285.505
2015-03-18,2099.5,12635.8083,4422.5,3887.9151,60.5173,1151.4,15.525,256.299
2015-03-19,2089.27,12910.8357,4426.8198,3982.7378,59.9963,1169.1,16.098,260.928
2015-03-20,2108.1001,12844.7353,4458.54,3975.3229,60.9081,1184.8,16.867,261.749
2015-03-23,2104.4199,12879.1637,4445.54,4004.8069,61.1361,1188.0,16.872,266.74
2015-03-24,2091.5,13140.2175,4430.9902,4083.9594,60.9081,1191.7,16.963,245.595
2015-03-25,2061.05,12935.6126,4329.29,4016.353,60.4196,1197.3,16.98,246.197
2015-03-26,2056.1499,12981.2245,4315.2598,4022.2608,59.7113,1205.1,17.122,248.532
2015-03-27,2061.02,12920.3004,4332.8599,4005.1273,59.752,1199.8,17.052,247.029
2015-03-30,2086.24,13155.5571,4382.8198,4057.6904,59.923,1184.8,16.657,247.526
2015-03-31,2067.8899,12959.6566,4333.6899,4004.3534,59.8171,1183.1,16.581,244.224
2015-04-01,2059.6899,12887.2502,4311.2598,3989.1009,59.5729,1208.1,17.044,247.272
2015-04-02,2066.96,12888.8104,4316.0098,4001.3246,59.9718,1200.9,16.686,253.005
2015-04-06,2080.6201,12888.8104,4350.98,4001.3246,60.729,1218.6,17.095,255.492
2015-04-07,2076.3301,13256.8477,4344.0801,4121.0266,60.3463,1210.6,16.825,253.18
2015-04-08,2081.8999,13027.797,4375.96,4051.0791,60.5173,1203.1,16.44,245.022
2015-04-09,2091.1799,13121.8414,4403.9502,4078.7648,60.4603,1193.6,16.164,243.676
2015-04-10,2102.0601,13202.6695,4422.02,4072.1227,60.9977,1204.6,16.37,236.072
2015-04-13,2092.4299,13091.2134,4409.21,4062.2799,60.6557,1199.3,16.28,224.587
2015-04-14,2095.8401,12928.1766,4397.6401,4001.3636,60.8918,1192.8,16.151,219.159
2015-04-15,2106.6299,13022.8695,4424.5298,4049.6901,60.9325,1201.5,16.269,223.833
2015-04-16,2104.99,12810.9461,4418.8301,4005.6373,61.0547,1198.0,16.276,228.573
2015-04-17,2081.1799,12571.8744,4351.7998,3951.6537,60.4034,1202.9,16.221,222.882
2015-04-20,2100.3999,12855.4239,4417.3999,4019.2854,61.0628,1193.5,15.883,224.626
2015-04-21,2097.29,12832.0488,4435.98,3997.3989,60.8348,1202.9,16.002,235.269
2015-04-22,2107.96,12747.5913,4460.8101,4000.7412,61.0384,1186.9,15.791,234.176
2015-04-23,2112.9299,12574.4955,4477.0698,3966.2777,61.3071,1194.4,15.824,236.462
2015-04-24,2117.6899,12773.457,4536.7798,4016.655,61.5676,1175.2,15.631,231.268
2015-04-27,2108.9199,13085.3315,4525.04,4099.179,61.5025,1203.3,16.39,229.286
2015-04-28,2114.76,12848.6764,4515.27,4041.6188,61.6083,1214.0,16.587,225.855
2015-04-29,2106.8501,12540.6891,4488.1499,3967.652,61.1687,1209.8,16.67,225.808
2015-04-30,2085.51,12730.7666,4414.25,4018.4832,60.8837,1182.4,16.124,236.145
2015-05-01,2108.29,12730.7666,4479.0601,4018.4832,61.1035,1174.5,16.111,232.079
2015-05-04,2114.49,12997.8849,4482.6099,4063.782,61.7386,1186.8,16.418,239.018
2015-05-05,2089.46,12629.3907,4409.3901,3954.1101,60.9488,1193.2,16.557,236.121
2015-05-06,2080.1499,12696.6274,4379.75,3980.1219,60.6639,1190.3,16.484,229.782
2015-05-07,2088.0,12938.3138,4401.5498,4033.2646,60.8918,1182.4,16.272,237.334
2015-05-08,2116.1001,13169.8746,4458.6499,4104.5517,61.7223,1189.1,16.442,243.863
2015-05-11,2105.3301,13067.2313,4438.6401,4057.1905,61.6165,1183.2,16.298,242.158
2015-05-12,2099.1201,12785.3356,4420.6499,3982.0128,61.2745,1192.6,16.51,241.112
2015-05-13,2098.48,12737.9901,4426.5601,3987.4543,61.6572,1218.4,17.207,236.377
2015-05-14,2121.1001,13120.9513,4495.04,3987.4543,62.1131,1225.4,17.449,236.929
2015-05-15,2122.73,13055.3143,4494.29,4075.079,62.2678,1225.5,17.545,237.605
2015-05-18,2129.2,13269.7148,4512.9502,4107.8811,61.7467,1227.8,17.712,233.128
2015-05-19,2127.8301,13425.2987,4503.7202,4157.2982,62.8703,1206.9,17.05,231.947
2015-05-20,2125.8501,13207.0819,4505.2998,4105.8485,62.3655,1208.9,17.092,234.018
2015-05-21,2130.8201,13170.5859,4529.4702,4094.7562,62.5365,1204.4,17.111,235.344
2015-05-22,2126.0601,13128.6639,4527.1602,4088.2058,62.4225,1204.3,17.03,240.348
2015-05-26,2104.2,12754.1242,4472.96,3970.7946,61.5188,1187.2,16.734,237.116
2015-05-27,2123.48,12817.416,4546.0601,4010.2249,61.9666,1185.9,16.638,237.283
2015-05-28,2120.79,12728.5687,4535.6602,3979.2792,61.6165,1188.1,16.653,237.408
2015-05-29,2107.3899,12509.9411,4508.25,3913.6982,61.1442,1189.4,16.684,237.096
2015-06-01,2111.73,12531.5584,4521.8501,3917.5086,61.4211,1188.3,16.664,222.926
2015-06-02,2109.6001,12374.4406,4508.8901,3890.65,61.6327,1194.1,16.783,225.803
2015-06-03,2114.0701,12732.8902,4519.8599,3995.9637,61.5188,1184.7,16.464,225.874
2015-06-04,2095.8401,12767.0633,4487.0298,4003.7149,60.9081,1174.9,16.089,224.324
2015-06-05,2092.8301,12549.6235,4477.1899,3933.9745,60.843,1167.8,15.971,224.952
2015-06-08,2079.28,12291.0782,4431.5098,3852.6506,60.4359,1173.2,15.951,228.489
2015-06-09,2080.1499,12410.5032,4427.6099,3899.5885,60.501,1177.3,15.949,229.048
2015-06-10,2105.2,12728.8226,4485.46,3984.5882,61.4211,1186.1,15.952,228.803
2015-06-11,2108.8601,12819.5973,4488.4702,4017.9068,61.4862,1179.9,15.953,229.705
2015-06-12,2094.1101,12585.5579,4453.79,3937.3334,61.0628,1178.8,15.818,229.982
2015-06-15,2084.4299,12325.0756,4432.9199,3857.4957,60.729,1185.3,16.076,236.823
2015-06-16,2096.29,12454.3387,4455.8999,3895.1802,60.8756,1180.5,15.958,250.895
2015-06-17,2100.4399,12341.4981,4468.98,3854.6181,61.071,1176.4,15.94,249.284
2015-06-18,2121.24,12621.0048,4531.8501,3923.1504,60.9733,1201.5,16.148,249.007
2015-06-19,2109.99,12553.4128,4513.4199,3929.5012,61.3722,1201.5,16.104,244.606
2015-06-22,2122.8501,13033.9599,4544.04,4089.7895,61.4455,1183.7,16.137,246.99
2015-06-23,2124.2,13099.7013,4548.7402,4115.1361,61.5432,1176.2,15.732,244.296
2015-06-24,2108.5801,12815.9049,4524.6001,4034.2205,61.0303,1172.6,15.848,240.515
2015-06-25,2102.3101,12857.9285,4514.0098,4046.7442,60.9363,1171.5,15.805,242.799
2015-06-26,2101.49,12874.9408,4484.2798,4057.0121,61.1588,1172.9,15.735,243.594
2015-06-29,2057.6399,12163.8356,4379.8701,3807.125,59.511,1178.5,15.664,257.064
2015-06-30,2063.1101,12283.5033,4396.7598,3843.0806,59.4862,1171.5,15.551,263.072
2015-07-01,2077.4199,12449.4747,4429.23,3893.1041,59.9724,1169.0,15.552,258.621
2015-07-02,2076.78,12246.6121,4433.3901,3821.222,60.0959,1163.0,15.537,255.412
2015-07-03,2076.78,12260.3988,4433.3901,3815.8676,60.0959,1163.0,15.537,256.336
2015-07-06,2068.76,11974.304,4418.6602,3700.0548,59.3215,1172.9,15.726,269.03
2015-07-07,2081.3401,11796.7656,4429.0601,3639.7477,59.5274,1152.4,14.95,266.207
2015-07-08,2046.6801,11832.7151,4351.5801,3663.5583,57.9126,1163.3,15.147,270.785
2015-07-09,2051.3101,12174.1363,4352.0298,3786.3185,59.0496,1159.0,15.345,269.228
2015-07-10,2076.6201,12518.5366,4420.1499,3903.9398,60.1536,1157.7,15.468,284.894
2015-07-13,2099.6001,12781.0145,4494.4702,3995.8045,60.2113,1155.2,15.436,292.054
2015-07-14,2108.95,12657.6032,4523.4702,3964.4676,60.7303,1153.3,15.295,287.464
2015-07-15,2107.3999,12702.8611,4528.3599,3989.1572,60.7386,1147.2,15.028,285.829
2015-07-16,2124.29,12822.2987,4594.8999,4023.2988,61.2165,1143.8,14.964,278.089
2015-07-17,2126.6399,12707.6993,4661.6001,3995.5367,61.2,1131.8,14.82,279.472
2015-07-20,2128.28,12710.0734,4679.6802,3992.657,61.0434,1106.7,14.745,278.981
2015-07-21,2119.21,12574.2768,4674.4102,3952.7143,60.9116,1103.4,14.769,275.833
2015-07-22,2114.1499,12603.5687,4623.2402,3977.3107,60.5903,1091.4,14.714,277.222
2015-07-23,2102.1499,12579.342,4602.8301,3971.5897,60.8045,1094.0,14.683,276.049
2015-07-24,2079.6499,12469.7247,4557.3701,3956.0437,60.0547,1085.6,14.477,288.278
2015-07-27,2067.6399,12131.4928,4519.0898,3854.7038,59.4698,1096.5,14.594,293.624
2015-07-28,2093.25,12391.9113,4560.23,3941.5224,60.5326,1096.3,14.631,294.427
2015-07-29,2108.5701,12407.0173,4581.6001,3956.6766,60.8457,1092.7,14.734,289.59
2015-07-30,2108.6299,12364.9237,4598.5898,3936.4572,60.9281,1088.4,14.691,287.722
2015-07-31,2103.8401,12371.1804,4588.9102,3938.8826,61.0517,1094.9,14.746,284.65
2015-08-03,2098.04,12552.6174,4580.46,3987.6705,60.8539,1089.4,14.516,281.227
2015-08-04,2093.3201,12551.2967,4567.4702,3965.3243,60.8045,1090.7,14.55,285.218
2015-08-05,2099.8401,12670.7388,4602.2402,4003.6042,61.0352,1085.7,14.546,281.882
2015-08-06,2083.5601,12631.3552,4528.5098,3999.7712,60.3843,1090.2,14.67,278.577
2015-08-07,2077.5701,12556.089,4520.0801,3975.0428,60.4832,1094.1,14.816,279.585
2015-08-10,2104.1799,12724.6794,4573.1099,4029.5836,60.9528,1104.2,15.289,264.47
2015-08-11,2084.0701,12442.1885,4513.9902,3971.9287,60.6068,1107.6,15.281,270.386
2015-08-12,2086.05,12062.9952,4528.1899,3847.4983,60.1042,1123.2,15.473,266.376
2015-08-13,2083.3899,12293.3885,4519.3198,3924.3622,60.0547,1115.7,15.396,264.08
2015-08-14,2091.54,12260.4746,4530.7402,3896.326,60.1124,1112.9,15.21,265.68
2015-08-17,2102.4399,12136.1005,4566.3701,3880.2179,60.2607,1118.6,15.295,257.976
2015-08-18,2096.9199,12092.6562,4542.0698,3872.1819,60.3349,1117.1,14.787,211.079
2015-08-19,2079.6101,11783.2999,4510.8999,3783.3988,59.6593,1128.1,15.176,226.684
2015-08-20,2035.73,11598.5399,4385.1299,3728.4089,58.2421,1153.0,15.517,235.35
2015-08-21,1970.89,11376.8878,4197.27,3648.9349,56.4872,1159.6,15.301,232.569
2015-08-24,1893.21,10976.9721,4038.6001,3496.5809,54.3368,1153.4,14.762,210.495
2015-08-25,1867.61,11731.4587,4016.3201,3727.4392,54.6911,1138.2,14.61,221.609
2015-08-26,1940.51,11547.9761,4219.6001,3662.4928,56.1,1124.6,14.045,225.831
2015-08-27,1987.66,11697.9692,4324.8198,3720.4224,57.5583,1122.4,14.421,224.769
2015-08-28,1988.87,11583.7472,4329.1201,3696.7439,57.5748,1133.1,14.535,231.396
2015-08-31,1972.1801,11504.9902,4274.5801,3666.5731,57.0392,1131.6,14.577,230.056
2015-09-01,1913.85,11243.3439,4142.6299,3579.6252,55.342,1138.7,14.613,228.121
2015-09-02,1948.86,11347.7022,4256.23,3612.6127,56.2153,1132.5,14.661,229.284
2015-09-03,1951.13,11572.5338,4234.6499,3667.7472,56.1247,1123.7,14.702,227.183
2015-09-04,1921.22,11168.2692,4184.7202,3538.329,55.1113,1120.6,14.544,230.298
2015-09-07,1921.22,11273.1239,4184.7202,3566.3766,55.1113,1120.6,14.544,239.847
2015-09-08,1969.41,11466.9002,4303.5298,3610.2444,56.7838,1120.4,14.75,243.607
2015-09-09,1942.04,11547.0875,4253.4502,3664.7874,56.0258,1102.2,14.568,238.168
2015-09-10,1952.29,11456.8284,4296.2998,3614.3443,56.1412,1109.5,14.634,238.477
2015-09-11,1961.05,11430.3973,4323.23,3599.4672,56.1,1103.5,14.49,240.107
2015-09-14,1953.03,11493.4897,4308.7598,3602.4371,55.9929,1107.7,14.357,230.644
2015-09-15,1978.09,11520.3426,4360.2798,3627.0299,56.5367,1102.8,14.319,230.304
2015-09-16,1995.3101,11527.9027,4383.6699,3665.3515,57.1134,1119.2,14.878,229.091
2015-09-17,1990.2,11551.277,4384.96,3676.4493,57.1216,1117.3,14.975,229.81
2015-09-18,1958.03,11305.3634,4323.8599,3599.6216,56.1577,1138.1,15.154,232.975
2015-09-21,1966.97,11233.8914,4336.1299,3596.1967,56.1082,1133.1,15.216,227.085
2015-09-22,1942.74,10710.4685,4274.1001,3442.3892,55.1854,1125.0,14.75,230.618
2015-09-23,1938.76,10689.9542,4273.5298,3425.1798,55.2019,1131.6,14.78,230.283
2015-09-24,1932.24,10549.4699,4261.1001,3378.6227,55.2102,1153.8,15.125,234.529
2015-09-25,1931.34,10830.74,4224.7402,3480.1796,55.6633,1146.0,15.106,235.144
2015-09-28,1881.77,10623.2072,4103.4702,3404.6956,53.7518,1132.0,14.538,239.142
2015-09-29,1884.09,10613.7766,4083.3701,3402.8461,53.5706,1127.1,14.569,236.687
2015-09-30,1920.03,10873.7317,4181.0601,3490.0948,55.0124,1115.5,14.513,236.06
2015-10-01,1923.8199,10623.7921,4192.96,3428.7614,55.0619,1114.2,14.506,237.549
2015-10-02,1951.36,10693.1765,4267.4502,3456.7371,55.5068,1137.1,15.257,237.293
2015-10-05,1987.05,11019.0634,4331.4302,3581.8503,57.0722,1138.1,15.702,240.383
2015-10-06,1979.92,11086.4158,4306.7002,3604.9551,56.9486,1146.8,15.979,246.063
2015-10-07,1995.83,11234.6335,4333.46,3635.503,57.4429,1149.0,16.088,242.969
2015-10-08,2013.4301,11232.207,4350.1499,3624.8537,57.5336,1144.7,15.76,242.304
2015-10-09,2014.89,11395.9672,4370.0098,3668.6041,57.6901,1156.3,15.809,243.931
2015-10-12,2017.46,11506.2139,4382.5601,3692.2037,57.6654,1164.9,15.855,245.308
2015-10-13,2003.6899,11392.7753,4352.9399,3657.9265,57.1134,1165.8,15.897,249.508
2015-10-14,1994.24,11289.178,4346.9199,3633.5971,57.3029,1180.1,16.102,251.989
2015-10-15,2023.86,11549.8837,4418.2202,3716.7038,58.2421,1187.9,16.152,254.32
2015-10-16,2033.11,11486.8752,4438.6201,3711.6239,58.2421,1183.6,16.102,262.869
2015-10-19,2033.66,11547.7272,4462.0698,3717.3824,58.135,1173.3,15.829,263.437
2015-10-20,2030.77,11496.3124,4438.1802,3688.4071,58.2092,1178.0,15.905,269.463
2015-10-21,2018.9399,11624.2974,4413.52,3715.2768,57.6819,1167.6,15.696,266.272
2015-10-22,2052.51,11906.3218,4503.2202,3805.1204,58.547,1166.6,15.823,274.023
2015-10-23,2075.1499,11961.3712,4624.0898,3796.1215,58.9507,1163.3,15.818,276.496
2015-10-26,2071.1799,11903.4834,4630.8501,3763.0179,58.9013,1167.0,15.9,285.3
2015-10-27,2065.8899,11831.9631,4639.23,3741.421,58.8106,1166.8,15.858,293.788
2015-10-28,2090.3501,11955.2773,4678.5801,3775.8707,58.9589,1177.1,16.288,304.618
2015-10-29,2089.4099,11804.1958,4670.7598,3730.4805,59.3874,1147.2,15.544,313.855
2015-10-30,2079.3601,11928.4733,4648.8301,3757.9484,58.8436,1141.5,15.566,328.015
2015-11-02,2104.05,12074.1719,4703.9199,3786.8682,59.3297,1135.8,15.413,361.189
2015-11-03,2109.79,12063.7944,4719.0498,3792.4584,59.511,1114.2,15.244,403.417
2015-11-04,2102.3101,11890.6673,4717.5498,3770.6778,59.2803,1106.5,15.063,411.563
2015-11-05,2099.9299,11832.8283,4702.8999,3746.7423,59.5027,1104.4,14.988,386.354
2015-11-06,2099.2,11959.3696,4707.23,3774.7989,59.1402,1087.6,14.696,374.47
2015-11-09,2078.5801,11608.6701,4655.52,3669.0673,58.5223,1087.9,14.418,380.257
2015-11-10,2081.72,11655.2652,4641.73,3685.564,58.6376,1088.2,14.356,336.819
2015-11-11,2075.0,11712.3947,4636.9399,3702.7627,58.5717,1084.7,14.262,311.084
2015-11-12,2045.97,11605.332,4588.9302,3646.1775,57.8467,1080.8,14.224,338.152
2015-11-13,2023.04,11581.156,4502.1401,3634.5495,57.4429,1080.8,14.203,336.753
2015-11-16,2053.1899,11463.1495,4565.4702,3597.5839,58.3163,1083.7,14.221,330.751
2015-11-17,2050.4399,11725.8316,4565.8198,3689.4284,58.3822,1068.7,14.17,335.094
2015-11-18,2083.5801,11665.6033,4653.4399,3652.8831,58.926,1068.8,14.08,334.59
2015-11-19,2081.24,11828.1283,4655.3501,3679.9968,58.9507,1078.0,14.242,326.149
2015-11-20,2089.1699,11927.3088,4686.3599,3703.1534,59.1814,1076.4,14.106,322.022
2015-11-23,2086.5901,11803.3428,4674.79,3666.1062,58.8189,1066.8,14.042,323.046
2015-11-24,2089.1399,11635.9894,4669.4102,3628.508,59.0825,1074.3,14.169,320.046
2015-11-25,2088.8701,11888.6875,4672.8799,3684.9638,59.0661,1070.5,14.168,328.206
2015-11-26,2088.8701,12028.2731,4672.8799,3717.2701,59.0661,1070.5,14.168,352.684
2015-11-27,2090.1101,11976.4146,4680.4702,3699.8831,58.8848,1056.2,14.008,358.042
2015-11-30,2080.4099,12045.8351,4664.5098,3710.8823,59.0084,1065.8,14.05,377.321
2015-12-01,2102.6299,11906.4499,4716.1602,3679.0049,59.3709,1063.8,14.055,362.488
2015-12-02,2079.51,11890.3615,4686.2202,3685.7505,59.0661,1054.2,13.979,359.187
2015-12-03,2049.6201,11450.6288,4606.75,3548.2894,58.5058,1061.7,14.053,361.046
2015-12-04,2091.6899,11736.9464,4716.1201,3635.8326,59.3791,1084.5,14.505,363.183
2015-12-07,2077.0701,11848.4177,4693.6201,3657.2517,58.926,1076.4,14.307,395.536
2015-12-08,2063.5901,11563.7792,4694.77,3572.4686,58.3657,1076.3,14.091,415.563
2015-12-09,2047.62,11539.414,4622.1401,3570.1786,58.0279,1077.6,14.164,417.563
2015-12-10,2052.23,11677.846,4643.0498,3602.836,58.0609,1073.1,14.085,415.479
2015-12-11,2012.37,11320.4069,4537.5601,3506.9082,56.9568,1076.9,13.859,451.938
2015-12-14,2021.9399,11136.9916,4570.1602,3448.1229,57.1216,1064.7,13.666,444.182
2015-12-15,2043.41,11488.1004,4597.3301,3563.3913,57.6242,1062.9,13.74,465.321
2015-12-16,2073.0701,11449.4462,4664.5601,3550.7604,58.3163,1078.0,14.218,454.934
2015-12-17,2041.89,11677.201,4598.1401,3595.6307,57.6819,1050.8,13.683,456.078
2015-12-18,2005.55,11503.6323,4514.8301,3535.9587,56.9239,1066.2,14.08,463.616
2015-12-21,2021.15,11410.9918,4560.5498,3492.5163,57.1729,1081.9,14.301,438.639
2015-12-22,2038.97,11446.3517,4589.2598,3507.781,57.731,1074.8,14.302,436.572
2015-12-23,2064.29,11746.7913,4624.5898,3598.9225,58.6389,1069.4,14.277,442.401
2015-12-24,2060.99,11746.7913,4622.77,3598.9225,58.3057,1077.2,14.369,454.985
2015-12-28,2056.5,11683.0721,4621.3501,3571.0652,58.3724,1070.5,13.873,422.279
2015-12-29,2078.3601,11919.2877,4691.0801,3637.5091,58.9721,1077.5,13.917,432.983
2015-12-30,2063.3601,11739.9677,4652.0098,3593.1066,58.3141,1060.1,13.814,426.62
2015-12-31,2043.9399,11739.9677,4593.27,3593.1066,57.9726,1060.3,13.775,430.567
2016-01-04,2012.66,11161.6375,4497.8599,3435.0278,57.1396,1075.1,13.817,433.091
2016-01-05,2016.71,11163.3116,4484.1802,3441.0061,56.7398,1078.4,13.949,431.96
2016-01-06,1990.26,10982.1073,4443.9902,3375.3949,56.0818,1091.9,13.957,429.105
2016-01-07,1943.09,10757.278,4305.7202,3324.9759,54.266,1107.7,14.335,458.048
2016-01-08,1922.03,10761.3651,4270.7798,3314.362,53.9828,1097.8,13.908,453.23
2016-01-11,1923.67,10749.6469,4283.5498,3312.3883,54.0661,1096.5,13.855,448.428
2016-01-12,1938.6801,10842.1789,4333.7202,3327.6075,54.3743,1085.6,13.74,435.69
2016-01-13,1890.28,10801.6525,4183.1201,3332.3791,53.2331,1087.5,14.145,432.371
2016-01-14,1921.84,10661.9784,4272.9702,3291.9301,54.1577,1073.9,13.737,430.306
2016-01-15,1880.33,10365.1531,4141.0801,3206.081,52.4252,1091.5,13.884,364.331
2016-01-18,1880.33,10397.8701,4141.0801,3205.4489,52.4252,1091.5,13.884,387.168
2016-01-19,1881.33,10529.1816,4147.0698,3247.2515,52.7417,1089.9,14.11,380.149
2016-01-20,1859.33,10249.0774,4136.2798,3145.7648,52.0504,1107.1,14.147,420.23
2016-01-21,1868.99,10413.8266,4142.6001,3202.1056,52.2253,1099.1,14.083,410.262
2016-01-22,1906.9,10606.6218,4259.77,3283.8135,53.4664,1097.2,14.043,382.492
2016-01-25,1877.08,10514.0876,4196.5298,3241.6281,52.6501,1106.2,14.24,391.726
2016-01-26,1903.63,10660.6794,4233.8501,3291.5564,53.5913,1121.7,14.544,392.153
2016-01-27,1882.95,10735.4705,4128.8599,3306.7176,53.1415,1116.1,14.44,394.972
2016-01-28,1893.36,10514.8455,4186.0601,3249.9454,53.3664,1115.6,14.216,380.289
2016-01-29,1940.24,10716.1646,4279.1699,3330.4061,54.4326,1116.4,14.229,379.474
2016-02-01,1939.38,10563.7912,4286.5601,3270.5177,54.4659,1127.9,14.329,373.056
2016-02-02,1903.03,10440.7299,4193.1001,3216.7144,53.3414,1127.3,14.276,374.448
2016-02-03,1912.53,10304.7471,4171.9702,3163.7103,53.7162,1141.3,14.72,369.949
2016-02-04,1915.45,10418.1982,4167.77,3222.2752,53.7745,1157.6,14.836,389.594
2016-02-05,1880.05,10400.545,4024.47,3224.9064,52.7584,1157.8,14.764,386.549
2016-02-08,1853.4399,10007.5339,3960.6699,3104.0833,51.9837,1197.9,15.416,373.447
2016-02-09,1852.21,9935.8825,3947.8,3062.0922,51.484,1198.7,15.444,376.029
2016-02-10,1851.86,10180.5157,3966.28,3148.836,51.5423,1194.7,15.277,381.649
2016-02-11,1829.08,9874.0714,3962.22,3023.6903,50.9925,1247.9,15.789,379.654
2016-02-12,1864.78,10149.4088,4019.1899,3119.416,51.7505,1239.1,15.785,384.263
2016-02-15,1864.78,10335.5893,4019.1899,3181.2998,51.7505,1239.1,15.785,400.185
2016-02-16,1895.58,10207.625,4104.3301,3152.4922,52.9166,1207.9,15.329,407.488
2016-02-17,1926.8199,10452.8035,4199.1001,3230.097,53.7412,1211.1,15.372,416.322
2016-02-18,1917.83,10526.3831,4151.4902,3220.2681,53.7329,1226.1,15.427,422.373
2016-02-19,1917.78,10431.0506,4164.0898,3190.0202,53.5663,1230.4,15.368,420.785
2016-02-22,1945.5,10649.6288,4231.27,3263.6714,54.1494,1209.5,15.179,437.748
2016-02-23,1921.27,10384.845,4162.54,3184.2122,53.433,1222.3,15.235,420.736
2016-02-24,1929.8,10109.3885,4200.6602,3109.8958,53.583,1238.7,15.292,424.955
2016-02-25,1951.7,10277.6405,4241.0601,3169.1742,54.2493,1238.2,15.165,424.544
2016-02-26,1948.05,10488.407,4235.6201,3229.3969,54.2077,1219.8,14.689,432.152
2016-02-29,1932.23,10372.7252,4201.1201,3217.9217,54.1161,1233.9,14.896,437.697
2016-03-01,1978.35,10580.9922,4333.6099,3262.7617,55.3821,1230.3,14.733,435.123
2016-03-02,1986.45,10633.0019,4334.3901,3286.8638,55.632,1241.1,15.003,423.989
2016-03-03,1993.4,10599.3361,4325.8599,3274.6806,55.9485,1257.4,15.131,421.651
2016-03-04,1999.99,10756.4299,4329.0,3325.578,56.4733,1269.9,15.681,410.939
2016-03-07,2001.76,10750.9208,4303.3301,3321.3758,56.2734,1263.2,15.623,414.321
2016-03-08,1979.26,10677.6171,4265.5098,3307.0162,55.632,1262.1,15.384,413.972
2016-03-09,1989.26,10699.2936,4293.23,3319.0061,56.0568,1256.6,15.355,414.86
2016-03-10,1989.5699,10437.5273,4286.9702,3264.5932,55.8402,1272.0,15.546,417.131
2016-03-11,2022.1899,10989.66,4361.8301,3436.026,57.1563,1258.7,15.607,421.69
2016-03-14,2019.64,11157.0656,4367.3301,3453.1058,56.9397,1244.4,15.518,416.438
2016-03-15,2015.9301,11028.5425,4367.0801,3405.2112,56.7981,1230.4,15.255,416.83
2016-03-16,2027.22,11090.5827,4404.2002,3401.6352,57.2062,1229.3,15.214,417.011
2016-03-17,2040.59,11097.9977,4400.2598,3414.035,57.5478,1264.5,16.022,420.621
2016-03-18,2049.5801,11262.2944,4410.8301,3463.0413,57.5727,1253.8,15.806,409.548
2016-03-21,2051.6001,11221.1134,4426.98,3438.7208,57.5977,1243.8,15.841,413.307
2016-03-22,2049.8,11224.7188,4437.6201,3428.3482,57.6477,1248.2,15.877,418.089
2016-03-23,2036.71,11248.7008,4402.5601,3414.4978,56.948,1223.7,15.263,418.041
2016-03-24,2035.9399,11014.8473,4405.5298,3339.479,57.0313,1221.4,15.191,416.394
2016-03-28,2037.05,11014.8473,4398.0698,3339.479,57.1979,1219.9,15.194,424.231
2016-03-29,2055.01,11077.1867,4467.7202,3366.2731,57.756,1235.6,15.237,416.516
2016-03-30,2063.95,11344.667,4490.8799,3437.4083,58.1058,1226.9,15.206,414.816
2016-03-31,2059.74,11295.5618,4483.6602,3405.9845,57.781,1234.2,15.46,416.729
2016-04-01,2072.78,11145.9778,4532.0801,3360.7355,57.6394,1222.2,15.042,417.96
2016-04-04,2066.1299,11187.3884,4511.7002,3374.0488,57.4894,1218.0,14.942,421.444
2016-04-05,2045.17,10891.7138,4470.75,3291.8205,56.6982,1228.4,15.114,424.03
2016-04-06,2066.6599,10954.6197,4543.7798,3311.4345,57.5478,1222.5,15.052,423.413
2016-04-07,2041.91,10869.6524,4475.29,3275.0197,56.7481,1236.2,15.156,422.745
2016-04-08,2047.6,10944.3356,4474.9302,3312.0792,57.4311,1242.5,15.382,420.349
2016-04-11,2041.99,11041.5418,4458.71,3334.5079,57.1813,1256.7,15.974,422.483
2016-04-12,2061.72,11140.6859,4496.04,3357.7835,57.8226,1259.4,16.22,425.19
2016-04-13,2082.4199,11414.6974,4554.7202,3460.1126,58.6972,1246.8,16.323,423.734
2016-04-14,2082.78,11384.6716,4554.6299,3452.3573,58.7305,1225.0,16.169,424.282
2016-04-15,2080.73,11328.1375,4543.1602,3442.2467,58.5473,1233.1,16.309,429.713
2016-04-18,2094.3401,11435.8955,4569.3101,3462.3375,58.9221,1233.6,16.249,428.591
2016-04-19,2100.8,11704.3712,4537.0898,3520.4864,59.5385,1253.0,16.968,435.509
2016-04-20,2102.3999,11838.2045,4540.4399,3569.7879,59.6967,1253.2,17.131,441.389
2016-04-21,2091.48,11797.6513,4540.7998,3563.003,59.222,1249.0,17.086,449.425
2016-04-22,2091.5801,11713.7808,4474.1899,3546.9636,59.4635,1228.7,16.896,445.737
2016-04-25,2087.79,11564.7359,4474.1299,3502.3537,59.097,1238.9,17.005,461.426
2016-04-26,2091.7,11561.5338,4452.9702,3517.3824,59.2136,1242.2,17.106,466.089
2016-04-27,2095.1499,11637.8318,4416.6299,3537.0891,59.3636,1249.2,17.286,444.687
2016-04-28,2075.8101,11692.8374,4363.9902,3540.8014,58.7722,1265.5,17.553,449.011
2016-04-29,2065.3,11400.1472,4341.2998,3438.803,58.3974,1289.2,17.789,455.097
2016-05-02,2081.4299,11604.33,4381.2998,3476.2773,59.172,1294.7,17.656,444.669
2016-05-03,2063.3701,11440.588,4341.3901,3427.7613,58.3724,1290.7,17.474,450.304
2016-05-04,2051.1201,11306.4555,4312.0098,3380.749,57.6894,1273.3,17.277,446.722
2016-05-05,2050.6299,11322.8063,4309.48,3380.749,57.7477,1271.4,17.302,447.976
2016-05-06,2057.1399,11257.6849,4330.1699,3349.7657,57.6894,1292.9,17.507,459.603
2016-05-09,2058.6899,11365.748,4341.23,3366.0891,57.9726,1265.6,17.07,460.483
2016-05-10,2084.3899,11439.7131,4402.04,3392.4408,58.6056,1263.9,17.075,450.895
2016-05-11,2064.46,11346.2923,4361.0298,3363.0695,58.0642,1274.6,17.302,452.728
2016-05-12,2064.1101,11269.4489,4342.8101,3354.3514,58.1975,1270.3,17.087,454.766
2016-05-13,2046.61,11323.3669,4326.5298,3363.7436,57.5061,1271.9,17.115,455.67
2016-05-16,2066.6599,11323.3669,4380.48,3363.7436,58.414,1273.4,17.142,454.163
2016-05-17,2047.21,11191.7963,4322.5601,3324.7596,57.6477,1276.2,17.235,453.783
2016-05-18,2047.63,11251.8167,4338.23,3345.5131,57.7643,1273.7,17.12,454.619
2016-05-19,2040.04,10993.8945,4315.5801,3276.2309,57.5311,1254.2,16.479,438.715
2016-05-20,2052.3201,11111.8795,4362.8999,3319.3928,57.856,1252.4,16.519,442.676
2016-05-23,2048.04,11044.7305,4355.1001,3291.2483,57.8226,1251.1,16.41,444.155
2016-05-24,2076.0601,11280.3219,4444.2998,3376.1637,58.4723,1228.9,16.238,445.981
2016-05-25,2090.54,11366.5281,4476.4302,3409.9998,59.0387,1223.5,16.255,449.599
2016-05-26,2090.1001,11463.2868,4487.96,3427.1542,58.9054,1220.1,16.338,453.384
2016-05-27,2099.0601,11512.5062,4512.54,3445.4553,58.9971,1213.8,16.246,473.464
2016-05-30,2099.0601,11480.2197,4512.54,3433.0013,58.9971,1213.8,16.246,533.864
2016-05-31,2096.95,11441.31,4523.8901,3415.289,58.8721,1214.8,15.972,531.386
2016-06-01,2099.3301,11363.6456,4520.0698,3383.9685,58.9638,1211.9,15.906,536.92
2016-06-02,2105.26,11421.7939,4531.3501,3394.6047,59.0221,1209.8,16.005,537.972
2016-06-03,2099.1299,11267.1569,4509.79,3342.8683,59.2719,1240.1,16.346,569.194
2016-06-06,2109.4099,11488.4332,4523.6299,3407.4552,59.4385,1244.6,16.428,585.537
2016-06-07,2112.1299,11690.9436,4513.0898,3455.4473,59.7051,1244.4,16.377,576.597
2016-06-08,2119.1201,11604.3276,4520.6299,3429.7916,59.9966,1259.8,16.968,581.645
2016-06-09,2115.48,11508.4365,4512.6899,3409.605,59.4885,1270.2,17.253,574.63
2016-06-10,2096.0701,11127.9055,4461.0498,3293.9308,58.464,1273.4,17.315,577.47
2016-06-13,2079.0601,10854.9591,4422.7598,3207.3553,58.0892,1284.4,17.428,704.376
2016-06-14,2075.3201,10748.1434,4424.9102,3158.3001,57.6311,1285.6,17.41,685.559
2016-06-15,2071.5,10772.0278,4409.5098,3173.6225,57.781,1285.8,17.489,694.469
2016-06-16,2077.99,10756.3659,4424.23,3175.2808,57.8643,1296.1,17.594,766.308
2016-06-17,2071.22,10837.2173,4374.3799,3205.8891,58.0059,1292.5,17.4,748.909
2016-06-20,2083.25,11305.9586,4400.1602,3339.8929,58.8471,1290.0,17.503,737.226
2016-06-21,2088.8999,11340.5723,4413.3999,3359.9122,59.0387,1270.5,17.311,666.652
2016-06-22,2085.45,11330.5651,4404.73,3350.7831,58.9536,1268.0,17.305,596.116
2016-06-23,2113.3201,11619.4058,4467.48,3441.3596,60.2262,1261.2,17.348,623.977
2016-06-24,2037.41,10822.5308,4285.7002,3143.6452,56.8635,1320.0,17.785,665.299
2016-06-27,2000.54,10228.8417,4201.0498,2976.8797,55.5908,1322.5,17.74,655.275
2016-06-28,2036.09,10406.2122,4290.4702,3038.6846,56.678,1315.3,17.839,647.001
2016-06-29,2070.77,10644.5809,4364.7402,3136.3424,57.9254,1323.9,18.362,639.89
2016-06-30,2098.8601,10772.0525,4417.7002,3187.897,58.4311,1318.4,18.582,673.337
2016-07-01,2102.95,10857.4091,4437.4502,3201.9413,58.5912,1336.7,19.544,676.296
2016-07-04,2102.95,10807.2104,4437.4502,3185.9325,58.5912,1336.7,19.544,683.662
2016-07-05,2088.55,10625.081,4410.75,3135.2458,57.9001,1356.4,19.866,670.627
2016-07-06,2099.73,10371.5189,4444.7002,3055.4581,58.0349,1364.9,20.16,677.331
2016-07-07,2097.8999,10453.9278,4459.5801,3085.6401,57.9001,1360.1,19.798,640.562
2016-07-08,2129.8999,10655.9333,4528.3599,3140.4686,58.7935,1356.6,20.058,666.523
2016-07-11,2137.1599,10860.0068,4554.71,3186.5442,59.2064,1355.0,20.264,647.659
2016-07-12,2152.1399,11018.3013,4577.6099,3243.8074,59.8975,1334.1,20.13,664.551
2016-07-13,2152.4299,10986.271,4565.77,3237.1669,59.9734,1342.4,20.37,654.468
2016-07-14,2163.75,11170.7395,4596.4902,3287.5147,60.2262,1331.3,20.281,658.078
2016-07-15,2161.74,11180.3511,4589.8301,3285.8917,60.0492,1326.5,20.125,663.255
2016-07-18,2166.8899,11122.9221,4619.6802,3259.7599,60.1841,1328.4,20.044,673.106
2016-07-19,2163.78,11051.0962,4603.2798,3245.275,60.0998,1331.5,19.975,672.864
2016-07-20,2173.02,11169.983,4657.2002,3267.6739,60.2768,1318.8,19.582,665.685
2016-07-21,2165.1699,11191.6627,4647.02,3271.1355,60.2262,1330.5,19.784,665.012
2016-07-22,2175.03,11195.5907,4666.0698,3279.2315,60.3695,1323.1,19.657,650.619
2016-07-25,2168.48,11187.9242,4665.9302,3261.7549,60.3105,1319.3,19.615,654.097
2016-07-26,2169.1799,11263.502,4672.1099,3274.1639,60.4201,1320.7,19.655,651.784
2016-07-27,2166.5801,11338.919,4702.8799,3295.7698,60.2346,1326.6,19.965,654.352
2016-07-28,2170.0601,11377.9029,4721.4102,3284.4993,60.5128,1332.3,20.16,655.035
2016-07-29,2173.6001,11458.4829,4730.23,3315.0735,60.8583,1349.0,20.312,656.992
2016-08-01,2170.8401,11537.1951,4756.04,3315.0735,60.5886,1351.4,20.465,606.272
2016-08-02,2157.03,11329.2684,4719.21,3246.5352,60.3274,1364.4,20.666,547.465
2016-08-03,2163.79,11410.0224,4734.3301,3265.9366,60.1756,1356.1,20.436,566.355
2016-08-04,2164.25,11405.6031,4743.8101,3270.0004,60.3274,1358.8,20.406,578.289
2016-08-05,2182.8701,11543.6201,4791.21,3311.1491,60.7572,1336.4,19.78,575.043
2016-08-08,2180.8899,11569.016,4784.7402,3307.9233,60.892,1333.4,19.768,591.054
2016-08-09,2181.74,11851.6346,4795.75,3357.4365,61.1617,1339.0,19.814,587.801
2016-08-10,2175.49,11839.3211,4783.3901,3355.2612,61.01,1344.3,20.134,592.103
2016-08-11,2185.79,12017.4069,4803.3101,3410.7773,61.4988,1342.5,19.984,589.12
2016-08-12,2184.05,11933.7782,4807.0801,3391.7838,61.4651,1335.8,19.672,587.559
2016-08-15,2190.1499,11992.4174,4827.1201,3402.1774,61.6337,1340.3,19.821,567.24
2016-08-16,2178.1499,11940.8254,4797.1899,3373.3237,61.4567,1350.5,19.848,577.439
2016-08-17,2182.22,11882.2673,4805.4502,3360.8543,61.5157,1342.7,19.627,573.216
2016-08-18,2187.02,11980.284,4808.6802,3384.367,61.6843,1351.2,19.72,574.318
2016-08-19,2183.8701,11967.2682,4806.1401,3368.7434,61.4651,1340.4,19.301,575.63
2016-08-22,2182.6399,11856.6822,4808.5601,3344.673,61.3556,1337.7,18.843,586.753
2016-08-23,2186.8999,11990.3568,4818.48,3388.681,61.6674,1340.6,18.91,583.415
2016-08-24,2175.4399,12004.8473,4783.4902,3399.9593,61.3977,1324.4,18.545,580.182
2016-08-25,2172.47,11860.3178,4775.4302,3365.2737,61.1112,1320.1,18.478,577.761
2016-08-26,2169.04,11954.1264,4783.6899,3398.8486,60.9847,1321.5,18.645,579.651
2016-08-29,2180.3799,11809.2064,4791.0898,3358.1588,61.305,1322.9,18.762,574.107
2016-08-30,2176.1201,11928.903,4775.9902,3392.2636,61.1702,1311.7,18.577,577.503
2016-08-31,2170.95,11814.2871,4771.0498,3371.7708,61.0606,1306.9,18.622,575.472
2016-09-01,2170.8601,11757.041,4783.9399,3367.7341,61.2207,1312.2,18.857,572.303
2016-09-02,2179.98,11966.6455,4798.7402,3449.5298,61.5831,1322.1,19.276,575.537
2016-09-05,2179.98,11912.2894,4798.7402,3435.2718,61.5831,1322.1,19.276,606.59
2016-09-06,2186.48,11919.6287,4829.5098,3424.2246,62.013,1349.4,20.049,610.436
2016-09-07,2186.1599,12101.0358,4831.8599,3479.2481,61.9624,1344.3,19.759,614.544
2016-09-08,2181.3,12000.1021,4804.0,3466.2098,61.8444,1336.8,19.591,626.316
2016-09-09,2127.8101,11917.7645,4681.54,3441.3887,60.3442,1330.1,19.282,622.861
2016-09-12,2159.04,11726.4911,4764.6499,3386.8184,61.0606,1321.0,18.915,608.243
2016-09-13,2127.02,11678.2099,4722.8501,3344.7269,59.9228,1319.0,18.89,609.241
2016-09-14,2125.77,11643.2016,4746.0601,3326.2281,59.9059,1321.5,18.982,610.684
2016-09-15,2147.26,11732.3135,4819.8999,3344.6968,60.2768,1313.5,18.959,607.155
2016-09-16,2139.1599,11556.5163,4818.0498,3300.9638,60.0914,1305.8,18.781,606.973
2016-09-19,2139.1201,11575.6555,4796.0698,3312.1809,60.1756,1313.5,19.206,609.227
2016-09-20,2139.76,11621.0424,4805.2202,3314.9152,60.0071,1313.7,19.195,608.312
2016-09-21,2163.1201,11640.8533,4853.75,3326.3212,61.1027,1326.9,19.686,597.149
2016-09-22,2177.1799,11947.8168,4891.3599,3415.8159,61.482,1340.4,20.02,596.298
2016-09-23,2164.6899,11912.9755,4858.9102,3399.2602,61.0859,1337.2,19.733,602.842
2016-09-26,2146.1001,11681.739,4817.1699,3344.6625,60.5212,1339.7,19.516,608.043
2016-09-27,2159.9299,11656.5198,4866.71,3342.1533,60.8667,1325.9,19.087,606.166
2016-09-28,2171.3701,11711.3654,4875.27,3355.896,61.2629,1319.4,19.044,604.728
2016-09-29,2151.1299,11680.2007,4838.2998,3358.0435,60.7235,1321.7,19.115,605.693
2016-09-30,2168.27,11792.9089,4875.7002,3368.3833,61.2376,1313.3,19.139,609.735
2016-10-03,2161.2,11792.9089,4866.6299,3368.7225,60.951,1309.0,18.795,612.133
2016-10-04,2150.49,11904.9927,4859.4702,3396.1863,60.9005,1266.3,17.713,610.204
2016-10-05,2159.73,11867.4666,4877.75,3392.6906,61.1533,1265.2,17.634,612.511
2016-10-06,2160.77,11845.7743,4873.9199,3386.6623,60.8752,1249.8,17.288,613.021
2016-10-07,2153.74,11691.5866,4864.52,3343.9988,60.6729,1248.9,17.324,617.121
2016-10-10,2163.6599,11895.7339,4893.77,3399.1266,61.0353,1248.9,17.324,618.994
2016-10-11,2136.73,11783.8235,4821.9102,3365.2962,60.2178,1253.0,17.456,641.072
2016-10-12,2139.1799,11640.565,4819.6401,3327.467,60.1756,1251.1,17.455,636.192
2016-10-13,2132.55,11467.8512,4803.1001,3276.0789,60.0071,1255.0,17.41,636.786
2016-10-14,2132.98,11691.0274,4808.48,3342.7513,59.9481,1253.1,17.393,640.378
2016-10-17,2126.5,11520.1052,4796.1699,3299.9037,59.847,1254.4,17.426,639.193
2016-10-18,2139.6001,11711.3343,4839.7202,3356.455,60.3695,1260.8,17.591,637.96
2016-10-19,2144.29,11685.708,4836.6099,3354.4896,60.5212,1267.9,17.616,630.52
2016-10-20,2141.3401,11744.9266,4832.71,3376.6448,60.4959,1265.6,17.502,630.857
2016-10-21,2141.1599,11707.2516,4851.8599,3363.9929,60.3864,1265.9,17.448,632.828
2016-10-24,2151.3301,11710.9257,4909.9702,3366.917,60.5381,1262.0,17.562,653.761
2016-10-25,2143.1599,11699.0856,4891.4502,3357.7051,60.4875,1271.9,17.736,657.588
2016-10-26,2139.4299,11659.9672,4860.5898,3354.3604,60.2515,1264.8,17.585,678.304
2016-10-27,2133.04,11694.5071,4836.4502,3366.5459,60.1335,1267.9,17.604,688.313
2016-10-28,2126.4099,11659.2445,4805.5898,3356.4859,60.1167,1275.5,17.762,689.651
2016-10-31,2126.1499,11715.1561,4801.27,3356.0898,59.9397,1271.5,17.762,700.972
2016-11-01,2111.72,11550.7074,4766.9399,3317.4035,59.6868,1286.4,18.385,729.793
2016-11-02,2097.9399,11467.194,4726.9102,3295.1903,59.2654,1306.8,18.66,740.829
2016-11-03,2088.6599,11459.1948,4679.1001,3299.8448,58.9789,1302.1,18.383,688.7
2016-11-04,2085.1799,11390.1745,4660.46,3280.2599,58.785,1303.3,18.342,703.235
2016-11-07,2131.52,11608.515,4773.73,3340.675,60.0324,1278.3,18.124,703.131
2016-11-08,2139.5601,11585.2347,4804.9199,3341.545,60.1167,1273.4,18.33,709.848
2016-11-09,2163.26,11730.8824,4825.1802,3367.7387,60.4201,1272.6,18.357,723.273
2016-11-10,2167.48,11608.7363,4747.0298,3327.0613,60.4285,1265.5,18.716,715.534
2016-11-11,2164.45,11617.0644,4751.9502,3299.5971,60.2009,1265.5,18.716,716.411
2016-11-14,2164.2,11575.7642,4702.04,3290.5393,60.1251,1221.2,16.877,705.021
2016-11-15,2180.3899,11540.6787,4764.4702,3278.5636,60.3948,1224.0,17.029,711.619
2016-11-16,2176.9399,11439.4655,4792.27,3246.4707,60.1588,1223.4,16.914,744.198
2016-11-17,2187.1201,11440.621,4826.5898,3256.7345,60.5802,1216.5,16.761,740.977
2016-11-18,2181.8999,11329.0058,4808.04,3209.0403,60.2936,1208.5,16.613,751.585
2016-11-21,2198.1799,11309.4093,4859.0,3210.1715,60.7656,1209.6,16.512,739.248
2016-11-22,2202.9399,11398.3189,4873.8398,3238.8214,60.774,1211.0,16.623,751.347
2016-11-23,2204.72,11338.1967,4853.8599,3224.3086,60.7488,1189.1,16.383,744.594
2016-11-24,2204.72,11272.023,4853.8599,3206.3693,60.7488,1189.1,16.383,740.289
2016-11-25,2213.3501,11300.454,4870.02,3219.6662,60.951,1178.2,16.464,741.649
2016-11-28,2201.72,11230.6803,4857.02,3201.5283,60.8077,1190.6,16.578,735.813
2016-11-29,2204.6599,11280.3929,4873.21,3227.2117,61.0943,1187.9,16.661,735.604
2016-11-30,2198.8101,11330.3153,4810.8101,3249.5048,60.9426,1170.8,16.406,745.691
2016-12-01,2191.0801,11157.769,4734.1001,3210.4438,60.7488,1166.9,16.427,756.774
2016-12-02,2191.95,11210.5329,4739.3701,3215.0755,60.8499,1175.1,16.753,777.944
2016-12-05,2204.71,11306.6987,4778.1401,3230.4233,61.0774,1174.0,16.824,758.7
2016-12-06,2212.23,11591.3517,4788.6699,3335.5853,61.3893,1167.6,16.74,764.224
2016-12-07,2241.3501,11778.1843,4851.9399,3368.6106,62.2658,1175.0,17.203,768.132
2016-12-08,2246.1899,12031.2305,4859.1899,3428.5298,62.3922,1169.8,17.025,770.81
2016-12-09,2259.53,11899.7659,4895.8999,3396.2187,62.5355,1159.4,16.897,772.794
2016-12-12,2256.96,11802.7749,4874.2998,3374.2331,62.5018,1163.5,17.116,780.087
2016-12-13,2271.72,12008.7797,4935.8398,3444.4077,63.0327,1156.7,16.911,780.556
2016-12-14,2253.28,11952.4225,4921.2202,3413.8071,62.3922,1161.3,17.152,781.481
2016-12-15,2262.03,11950.794,4933.4102,3416.8226,62.5439,1127.8,15.897,778.088
2016-12-16,2258.0701,11881.652,4914.8599,3395.749,62.3079,1135.3,16.153,784.907
2016-12-19,2262.53,11940.874,4934.8501,3404.4454,62.4933,1140.5,16.026,792.714
2016-12-20,2270.76,11930.0099,4953.7998,3412.4971,62.7462,1131.5,16.054,800.876
2016-12-21,2265.1799,11916.4598,4948.9102,3398.4642,62.5998,1131.1,15.918,834.281
2016-12-22,2260.96,11947.1261,4934.3901,3409.6464,62.404,1128.8,15.815,864.54
2016-12-23,2263.79,11951.0366,4940.02,3417.2555,62.6423,1131.9,15.704,921.984
2016-12-27,2268.8799,11996.4869,4965.8101,3428.3489,62.5998,1137.3,15.929,933.198
2016-12-28,2249.9199,12005.5141,4926.29,3430.3052,62.2763,1139.4,15.988,975.921
2016-12-29,2249.26,11928.5491,4918.2798,3408.1897,62.4125,1156.4,16.163,973.497
2016-12-30,2238.8301,12141.5613,4863.6201,3479.8226,62.2082,1150.0,15.936,961.238
2017-01-02,2238.8301,12209.5391,4863.6201,3479.8226,62.2082,1150.0,15.936,1021.75
2017-01-03,2257.8301,12117.1526,4911.3301,3467.5216,62.787,1160.4,16.356,1043.84
2017-01-04,2270.75,12070.7615,4937.21,3456.8303,63.3233,1163.8,16.499,1154.73
2017-01-05,2269.0,12165.2213,4964.9502,3482.5894,63.5361,1179.7,16.584,1013.38
2017-01-06,2276.98,12301.8121,5007.0801,3522.4048,63.6638,1171.9,16.466,902.201
2017-01-09,2268.8999,12179.0305,5024.8999,3484.9603,63.3489,1183.5,16.63,902.828
2017-01-10,2268.8999,12265.117,5035.1699,3500.8204,63.4425,1184.2,16.803,907.679
2017-01-11,2275.3201,12289.527,5050.21,3490.677,63.485,1195.6,16.783,777.757
2017-01-12,2270.4399,12209.6648,5041.4302,3483.1495,63.6127,1198.9,16.78,804.834
2017-01-13,2274.6399,12346.5114,5059.5098,3529.3979,63.7915,1195.3,16.72,823.984
2017-01-16,2274.6399,12281.1397,5059.5098,3501.6529,63.7915,1195.3,16.72,831.534
2017-01-17,2267.8899,12235.8523,5044.6499,3483.1252,63.6127,1212.0,17.102,907.938
2017-01-18,2271.8899,12407.6224,5055.8501,3523.5223,63.451,1211.3,17.235,886.618
2017-01-19,2263.6899,12324.9233,5051.1699,3496.8916,63.3914,1200.9,16.967,899.073
2017-01-20,2271.3101,12397.4049,5063.2002,3517.114,63.5361,1204.3,16.997,895.026
2017-01-23,2265.2,12369.828,5065.7002,3506.6533,63.5532,1215.0,17.15,921.012
2017-01-24,2280.0701,12477.0693,5101.0601,3531.1848,63.9277,1210.3,17.149,892.687
2017-01-25,2298.3701,12666.3484,5151.4702,3568.5241,64.4129,1197.3,16.944,901.542
2017-01-26,2296.6799,12739.6393,5156.9199,3568.7263,64.3703,1189.5,16.814,917.586
2017-01-27,2294.6899,12621.1392,5168.0601,3528.935,64.3193,1188.1,17.1,919.75
2017-01-30,2280.8999,12515.9534,5129.3301,3495.6717,63.9022,1193.2,17.122,920.382
2017-01-31,2278.8701,12352.6868,5116.77,3459.6018,63.9362,1208.6,17.512,970.403
2017-02-01,2279.55,12596.6943,5152.6899,3520.8729,64.0469,1205.6,17.42,989.023
2017-02-02,2280.8501,12520.2697,5147.7002,3503.2895,64.0639,1216.7,17.402,1011.8
2017-02-03,2297.4199,12539.0005,5161.6001,3522.4275,64.3448,1218.5,17.453,1029.91
2017-02-06,2292.5601,12411.0027,5167.96,3491.8535,64.2001,1230.0,17.667,1038.15
2017-02-07,2293.0801,12407.8136,5185.8799,3476.1932,64.1746,1234.2,17.733,1061.35
2017-02-08,2294.6699,12326.0862,5196.5801,3457.5974,64.2852,1237.6,17.683,1063.0699
2017-02-09,2307.8701,12448.7952,5212.1602,3504.6832,64.5235,1235.1,17.72,994.383
2017-02-10,2316.1001,12435.3498,5226.6899,3486.2451,64.6853,1234.4,17.912,988.674
2017-02-13,2328.25,12503.9072,5256.8198,3510.0035,65.0003,1224.4,17.804,990.642
2017-02-14,2337.5801,12476.3493,5271.0698,3506.9261,65.2301,1223.9,17.872,1004.55
2017-02-15,2349.25,12475.992,5302.3901,3515.9256,65.3578,1231.7,17.947,1007.48
2017-02-16,2347.22,12471.3497,5300.6401,3512.1455,65.5195,1240.0,18.063,1027.4399
2017-02-17,2351.1599,12547.3793,5324.7202,3531.2432,65.4514,1237.6,18.019,1046.21
2017-02-20,2351.1599,12568.802,5324.7202,3519.9619,65.4514,1237.6,18.019,1079.98
2017-02-21,2365.3799,12696.7937,5350.73,3542.8301,65.7153,1237.5,17.99,1115.3
2017-02-22,2362.8201,12649.0013,5352.1299,3520.2829,65.7749,1232.0,17.942,1117.4399
2017-02-23,2363.8101,12609.8469,5332.3701,3518.6912,65.7153,1250.2,18.113,1166.72
2017-02-24,2367.3401,12493.9461,5343.3101,3497.2058,65.7153,1256.9,18.335,1173.6801
2017-02-27,2369.75,12476.1718,5347.5498,3492.2227,65.7579,1257.4,18.354,1179.97
2017-02-28,2363.6399,12525.8364,5330.3101,3513.5586,65.6131,1252.6,18.42,1179.97
2017-03-01,2395.96,12753.9922,5390.9902,3583.1525,66.3111,1248.9,18.443,1222.5
2017-03-02,2381.9199,12705.7859,5363.2598,3566.0806,65.8855,1231.9,17.705,1251.01
2017-03-03,2383.1201,12640.4202,5373.48,3576.8678,66.1069,1225.5,17.697,1274.99
2017-03-06,2375.3101,12700.3548,5360.3101,3597.6336,65.894,1224.5,17.725,1272.83
2017-03-07,2368.3899,12659.2325,5351.2798,3581.1902,65.6812,1215.1,17.492,1223.54
2017-03-08,2362.98,12649.6307,5359.8101,3582.8807,65.4769,1208.5,17.257,1150.0
2017-03-09,2364.8701,12634.1004,5363.98,3596.5512,65.5535,1202.4,16.993,1188.49
2017-03-10,2372.6001,12655.1641,5385.8999,3613.8768,65.9281,1200.7,16.883,1116.72
2017-03-13,2373.47,12817.3925,5394.5698,3651.1731,66.2005,1202.4,16.935,1231.92
2017-03-14,2365.45,12769.7914,5382.1699,3620.8834,65.6727,1201.9,16.888,1240.0
2017-03-15,2385.26,12745.407,5416.25,3618.1217,66.3963,1200.1,16.888,1249.61
2017-03-16,2381.3799,12974.8085,5412.0801,3693.7977,66.6516,1226.5,17.296,1187.8101
2017-03-17,2378.25,13032.2593,5408.7598,3715.5584,66.4984,1229.8,17.379,1100.23
2017-03-20,2373.47,12948.4128,5413.3101,3692.8796,66.4218,1233.6,17.403,1054.23
2017-03-21,2344.02,12844.5511,5332.5298,3682.616,65.7068,1246.1,17.55,1120.54
2017-03-22,2348.45,12871.2669,5367.5498,3698.6137,66.0728,1249.3,17.545,1049.14
2017-03-23,2345.96,12991.0124,5355.1401,3724.9589,65.877,1246.9,17.563,1038.59
2017-03-24,2343.98,13009.9646,5364.0,3714.1303,65.9707,1248.2,17.72,937.52
2017-03-27,2341.5901,13015.1576,5374.27,3729.131,65.9196,1255.4,18.08,1045.77
2017-03-28,2358.5701,13195.421,5407.21,3763.3944,66.4473,1255.3,18.225,1047.15
2017-03-29,2361.1299,13200.8532,5430.27,3759.4468,66.3878,1253.4,18.228,1039.97
2017-03-30,2368.0601,13187.4636,5439.7402,3746.051,66.5239,1245.0,18.185,1026.4301
2017-03-31,2362.72,13158.8533,5436.23,3741.4691,66.2856,1247.3,18.235,1071.79
2017-04-03,2358.8401,13076.9981,5432.2002,3705.2205,66.2601,1250.8,18.191,1143.8101
2017-04-04,2360.1599,13105.3566,5440.4102,3714.9595,66.1579,1255.0,18.302,1133.25
2017-04-05,2352.95,13048.7459,5418.52,3708.8329,66.0473,1245.4,18.166,1124.78
2017-04-06,2357.49,13053.3836,5420.8799,3724.2341,66.0813,1250.3,18.225,1182.6801
2017-04-07,2355.54,13013.1355,5418.3701,3721.1532,66.1069,1254.3,18.13,1176.9
2017-04-10,2357.1599,12910.6029,5421.6802,3683.0053,66.1239,1251.1,17.894,1187.13
2017-04-11,2353.78,12864.7954,5398.3999,3677.4091,66.243,1271.2,18.233,1205.01
2017-04-12,2344.9299,12897.7393,5377.0298,3680.5464,66.0473,1275.3,18.279,1200.37
2017-04-13,2328.95,12921.0901,5353.5898,3679.5176,65.528,1285.9,18.489,1169.28
2017-04-17,2349.01,12921.0901,5399.2002,3679.5176,66.0132,1289.4,18.493,1193.91
2017-04-18,2342.1899,12773.8992,5391.6602,3629.549,65.7664,1291.7,18.251,1211.67
2017-04-19,2338.1699,12892.0805,5399.6401,3670.2751,65.7068,1281.4,18.136,1210.29
2017-04-20,2355.8401,12887.2888,5443.5298,3685.9965,66.1069,1281.9,17.992,1229.08
2017-04-21,2348.6899,12909.9203,5442.0498,3686.2143,66.0387,1287.4,17.83,1222.05
2017-04-24,2374.1499,13543.4695,5508.0298,3890.021,67.1453,1275.8,17.848,1250.15
2017-04-25,2388.6101,13545.2405,5548.1899,3893.0462,67.5625,1265.6,17.581,1265.49
2017-04-26,2387.45,13630.5822,5541.0898,3910.9022,67.4603,1262.1,17.353,1281.08
2017-04-27,2388.77,13574.8468,5571.2798,3887.1691,67.4092,1263.7,17.265,1317.73
2017-04-28,2384.2,13512.9671,5583.5298,3867.2283,67.4007,1266.1,17.191,1316.48
2017-05-01,2388.3301,13512.9671,5629.6299,3867.2283,67.605,1253.3,16.78,1421.6
2017-05-02,2391.1699,13644.7843,5644.0698,3903.4452,67.6391,1255.1,16.769,1452.8199
2017-05-03,2388.1299,13700.013,5625.1602,3921.7991,67.5795,1246.4,16.487,1490.09
2017-05-04,2389.52,13772.1374,5626.3198,3950.3896,67.8008,1226.5,16.244,1537.67
2017-05-05,2399.29,13965.0905,5646.0898,4017.9112,68.1668,1224.8,16.215,1555.45
2017-05-08,2399.3799,13919.7681,5659.0698,3993.6294,68.0477,1225.3,16.199,1723.35
2017-05-09,2396.9199,13931.9424,5678.3101,3987.63,68.0136,1214.3,16.008,1755.36
2017-05-10,2399.6299,13888.8451,5681.6802,3969.0595,68.0477,1217.3,16.151,1787.13
2017-05-11,2394.4399,13817.8705,5674.2202,3939.0694,67.903,1222.7,16.209,1848.5699
2017-05-12,2390.8999,13874.998,5686.8101,3952.1505,67.954,1226.2,16.346,1724.24
2017-05-15,2402.3201,13994.6237,5704.48,3979.5877,68.3967,1228.6,16.561,1738.4301
2017-05-16,2400.6699,14061.6416,5724.4399,3999.44,68.5669,1235.0,16.693,1734.45
2017-05-17,2357.03,14013.4788,5580.5498,3977.0021,67.4773,1257.5,16.852,1839.09
2017-05-18,2365.72,14045.9191,5626.3101,3974.1395,67.5965,1251.7,16.621,1888.65
2017-05-19,2381.73,14046.1103,5651.5601,3986.4524,68.1754,1252.7,16.75,1987.71
2017-05-22,2394.02,14139.9255,5699.3999,4007.451,68.6435,1260.7,17.143,2173.3999
2017-05-23,2398.4199,14227.4418,5703.3501,4040.4039,68.5159,1254.8,17.091,2320.4199
2017-05-24,2404.3899,14133.8505,5730.2998,4009.5921,68.8223,1252.4,17.077,2443.6399
2017-05-25,2415.0701,14175.3366,5778.3701,4009.5921,68.8478,1255.8,17.152,2304.98
2017-05-26,2415.8201,14128.004,5788.3599,4012.3543,68.8478,1267.6,17.283,2202.4199
2017-05-29,2415.8201,14114.185,5788.3599,3999.8544,68.8478,1267.6,17.283,2255.6101
2017-05-30,2412.9099,14021.1234,5794.6299,3963.2966,68.95,1262.1,17.388,2175.47
2017-05-31,2411.8,14093.1493,5788.7998,3971.0767,68.8053,1272.0,17.368,2286.4099
2017-06-01,2430.0601,14239.8474,5816.5098,4010.5915,69.3416,1267.0,17.243,2407.8799
2017-06-02,2439.0701,14381.9429,5881.46,4028.5106,69.682,1276.8,17.487,2488.55
2017-06-05,2436.1001,14381.9429,5878.1201,4028.5106,69.4607,1279.3,17.547,2686.8101
2017-06-06,2429.3301,14285.0458,5856.77,4000.8781,69.316,1294.4,17.677,2863.2
2017-06-07,2433.1399,14283.6909,5877.5898,4000.0453,69.35,1290.1,17.587,2732.1599
2017-06-08,2433.79,14309.3597,5885.2998,4011.21,69.3841,1276.3,17.384,2805.6201
2017-06-09,2431.77,14334.1334,5741.9399,4010.9497,69.2649,1268.5,17.193,2823.8101
2017-06-12,2429.3899,14215.7955,5708.1802,3969.9227,69.1372,1266.1,16.914,2659.6299
2017-06-13,2440.3501,14291.93,5751.8198,3983.4633,69.5203,1265.8,16.738,2717.02
2017-06-14,2437.9199,14354.0328,5727.0698,3975.9569,69.3416,1272.8,17.107,2506.3701
2017-06-15,2432.46,14234.8692,5700.8901,3954.0825,68.967,1252.2,16.691,2464.5801
2017-06-16,2433.1499,14215.348,5681.48,3950.3294,69.3585,1254.0,16.636,2518.5601
2017-06-19,2453.46,14446.2567,5772.2202,4012.0826,69.7927,1244.2,16.483,2589.6001
2017-06-20,2437.03,14281.5005,5726.3101,3968.1935,69.1847,1241.0,16.398,2721.79
2017-06-21,2435.6101,14226.66,5782.3901,3958.4705,69.0643,1243.4,16.355,2689.1001
2017-06-22,2434.5,14287.3106,5779.8701,3970.7869,69.0643,1247.6,16.49,2705.4099
2017-06-23,2438.3,14197.294,5803.1099,3951.0756,69.2879,1256.2,16.628,2744.9099
2017-06-26,2439.0701,14301.8424,5777.5898,3988.7564,69.3567,1246.3,16.56,2478.45
2017-06-27,2419.3799,14170.7061,5671.6001,3957.1002,69.0643,1246.4,16.576,2552.45
2017-06-28,2440.6899,14340.934,5753.0298,4009.1847,69.5717,1248.0,16.715,2574.79
2017-06-29,2419.7,14132.9152,5653.02,3951.2936,69.0557,1244.2,16.586,2539.3201
2017-06-30,2423.4099,14101.9686,5646.9199,3938.0778,69.0815,1240.7,16.568,2480.8401
2017-07-03,2429.01,14250.6563,5596.96,3988.7255,69.1159,1217.9,16.037,2564.0601
2017-07-04,2429.01,14142.745,5596.96,3956.6409,69.1159,1217.9,16.037,2601.6399
2017-07-05,2432.54,14147.5676,5648.8198,3951.526,69.1675,1220.4,15.842,2601.99
2017-07-06,2409.75,14048.8487,5597.8999,3928.356,68.7203,1222.2,15.927,2608.5601
2017-07-07,2425.1799,14153.7998,5656.4702,3957.3627,69.0213,1208.6,15.371,2518.6599
2017-07-10,2427.4299,14193.0889,5694.1499,3966.3131,69.1417,1212.1,15.577,2372.5601
2017-07-11,2425.53,14182.939,5709.7998,3950.8267,69.1761,1213.6,15.697,2337.79
2017-07-12,2443.25,14487.666,5778.9502,4033.3548,69.6233,1218.1,15.839,2398.8401
2017-07-13,2447.8301,14435.0271,5793.3599,4028.3991,69.8727,1216.3,15.642,2357.8999
2017-07-14,2459.27,14405.1355,5838.0801,4020.9602,70.2338,1226.6,15.884,2233.3401
2017-07-17,2459.1399,14444.2589,5839.7402,4035.1494,70.0877,1232.8,16.05,2228.4099
2017-07-18,2460.6101,14263.0487,5880.1001,3991.5548,70.2338,1241.1,16.222,2318.8799
2017-07-19,2473.8301,14381.7995,5916.1602,4042.734,70.5693,1241.2,16.251,2273.4299
2017-07-20,2473.45,14349.7384,5921.2202,4034.3663,70.7498,1244.8,16.299,2817.6001
2017-07-21,2472.54,14233.6206,5921.5298,4013.8963,70.4575,1254.3,16.41,2667.76
2017-07-24,2469.9099,14262.1261,5941.3701,4033.8886,70.4231,1253.9,16.398,2754.8601
2017-07-25,2477.1299,14274.2693,5930.6499,4042.8078,70.6896,1251.7,16.497,2576.48
2017-07-26,2477.8301,14328.7612,5950.73,4065.3375,70.8616,1249.0,16.415,2529.45
2017-07-27,2475.4199,14322.2857,5917.0298,4096.7559,70.6294,1259.6,16.529,2671.78
2017-07-28,2472.1001,14216.5672,5908.9199,4053.3118,70.7155,1268.4,16.664,2809.01
2017-07-31,2470.3,14235.6625,5880.3301,4052.0641,70.7584,1266.6,16.75,2875.3401
2017-08-01,2476.3501,14486.0537,5895.1699,4052.0641,71.1712,1272.6,16.728,2718.26
2017-08-02,2477.5701,14387.8589,5914.23,4085.8916,70.9992,1271.8,16.697,2710.6699
2017-08-03,2472.1599,14404.7404,5891.2002,4108.0472,70.9648,1267.8,16.594,2804.73
2017-08-04,2476.8301,14615.7818,5899.9102,4168.5401,71.0508,1258.3,16.222,2895.8899
2017-08-07,2480.9099,14437.0156,5934.73,4129.2803,71.1368,1258.2,16.221,3378.9399
2017-08-08,2474.9199,14505.7757,5926.3501,4148.7742,70.8702,1256.4,16.36,3419.9399
2017-08-09,2474.02,14286.5536,5919.3901,4077.0278,70.8272,1273.0,16.834,3342.47
2017-08-10,2438.21,14130.6469,5788.1899,4038.3662,69.8211,1283.7,17.036,3381.28
2017-08-11,2441.3201,14140.8423,5831.5298,4009.3457,69.7179,1287.7,17.041,3650.6201
2017-08-14,2465.8401,14385.8666,5908.1699,4080.579,70.4144,1284.2,17.093,4325.1299
2017-08-15,2464.6101,14339.4257,5907.73,4076.6722,70.3027,1273.7,16.69,4181.9302
2017-08-16,2468.1101,14399.2723,5917.4199,4091.3115,70.5434,1276.9,16.917,4376.6299
2017-08-17,2430.01,14368.6766,5796.3198,4076.215,69.6147,1286.4,17.03,4331.6899
2017-08-18,2425.55,14252.1307,5790.9102,4037.197,69.6405,1285.7,16.98,4160.6201
2017-08-21,2428.3701,14185.1024,5786.54,4024.7939,69.6147,1290.8,16.995,4001.74
2017-08-22,2452.51,14445.2397,5873.3301,4081.727,70.2597,1285.1,16.962,4100.52
2017-08-23,2444.04,14319.6731,5851.7798,4044.5904,70.1307,1288.9,17.032,4151.52
2017-08-24,2438.97,14393.5495,5834.4399,4070.4854,69.9759,1286.5,16.952,4334.6802
2017-08-25,2443.05,14360.8409,5822.5298,4058.2439,70.1651,1292.5,17.038,4371.6001
2017-08-28,2444.24,14489.7986,5838.0801,4088.7664,70.1737,1309.7,17.431,4382.6602
2017-08-29,2446.3,14291.8946,5862.1401,4053.6221,70.1995,1313.1,17.422,4579.02
2017-08-30,2457.5901,14367.5046,5932.8999,4074.3963,70.2597,1308.1,17.404,4565.2998
2017-08-31,2471.6499,14338.5342,5988.6001,4069.3029,70.8187,1316.2,17.48,4703.3901
2017-09-01,2476.55,14462.4091,5987.8999,4101.8099,70.8788,1324.5,17.719,4892.0098
2017-09-04,2476.55,14380.8572,5987.8999,4076.3116,70.8788,1324.5,17.719,4236.3101
2017-09-05,2457.8501,14419.2551,5932.73,4068.5776,70.4575,1339.2,17.845,4376.5298
2017-09-06,2465.54,14564.7003,5951.1299,4094.4864,70.7069,1333.9,17.816,4597.1201
2017-09-07,2465.1001,14667.1319,5964.3101,4112.2879,70.9992,1345.1,18.016,4599.8799
2017-09-08,2461.4299,14800.535,5913.3701,4147.2478,70.9304,1346.0,18.027,4228.75
2017-09-11,2488.1101,14992.2974,5980.5298,4200.3942,71.6184,1331.0,17.807,4161.27
2017-09-12,2496.48,14978.9149,5995.6401,4200.8229,71.7474,1328.0,17.795,4130.8101
2017-09-13,2498.3701,15032.4155,6004.3799,4218.8239,71.6958,1323.4,17.772,3882.5901
2017-09-14,2495.6201,14911.3548,5968.8198,4193.1983,71.7818,1324.7,17.698,3154.95
2017-09-15,2500.23,14924.4868,5988.0,4191.1158,71.842,1320.4,17.611,3637.52
2017-09-18,2503.8701,14992.348,5981.1201,4209.927,71.9022,1306.3,17.071,4065.2
2017-09-19,2506.6499,15023.0096,5991.0801,4223.0407,72.0226,1306.2,17.195,3924.97
2017-09-20,2508.24,15073.6577,5973.6099,4228.0385,72.1516,1312.0,17.251,3905.95
2017-09-21,2500.6001,14958.8995,5934.9102,4202.2417,71.885,1290.6,16.937,3631.04
2017-09-22,2502.22,15042.2863,5932.3198,4230.4299,72.1,1293.3,16.903,3630.7
2017-09-25,2496.6599,15022.0775,5867.3501,4219.6157,71.8334,1306.8,17.059,3926.0701
2017-09-26,2496.8401,14944.2796,5881.3398,4192.6069,71.7732,1297.0,16.804,3892.3501
2017-09-27,2507.04,14918.0985,5937.79,4190.1443,72.1172,1283.4,16.748,4200.6699
2017-09-28,2510.0601,14927.5047,5933.0698,4187.148,72.0312,1285.5,16.773,4174.73
2017-09-29,2519.3601,15114.6483,5979.2998,4235.3641,72.315,1281.5,16.607,4163.0698
2017-10-02,2529.1201,15234.6123,5981.9199,4253.8225,72.5988,1272.7,16.585,4409.3198
2017-10-03,2534.5801,15234.6123,5995.0601,4230.8855,72.6848,1271.5,16.581,4317.48
2017-10-04,2537.74,15237.2071,5998.8398,4223.1452,72.788,1273.7,16.563,4229.3599
2017-10-05,2552.0701,15246.8431,6057.1401,4248.5246,73.046,1269.9,16.582,4328.4102
2017-10-06,2549.3301,15174.4443,6064.5698,4220.3327,72.8654,1271.6,16.734,4370.8101
2017-10-09,2544.73,15237.4918,6058.5298,4239.6167,72.7622,1281.8,16.916,4772.02
2017-10-10,2550.6399,15204.5393,6063.52,4225.5686,73.1148,1290.6,17.155,4781.9902
2017-10-11,2555.24,15324.7075,6081.25,4262.0893,73.3556,1285.8,17.081,4826.48
2017-10-12,2550.9299,15404.8387,6069.9902,4278.151,73.3125,1293.3,17.211,5446.9102
2017-10-13,2553.1699,15371.7206,6092.4502,4264.8314,73.4932,1301.5,17.355,5647.21
2017-10-16,2557.6399,15362.6327,6114.5298,4260.4644,73.5275,1299.9,17.315,5725.5898
2017-10-17,2559.3601,15327.073,6122.6099,4255.1982,73.5361,1283.0,16.987,5605.5098
2017-10-18,2561.26,15354.135,6114.3501,4261.0185,73.5877,1279.9,16.943,5590.6899
2017-10-19,2562.1001,15322.1273,6092.6201,4248.738,73.6049,1286.9,17.201,5708.52
2017-10-20,2575.21,15392.1467,6108.8198,4271.3323,73.7511,1277.4,17.022,6011.4502
2017-10-23,2564.98,15283.4271,6067.8301,4241.7374,73.6909,1277.7,17.024,5930.3198
2017-10-24,2569.1299,15302.4353,6080.2202,4245.8727,73.6738,1275.0,16.907,5526.6401
2017-10-25,2557.1499,15231.9596,6055.04,4223.2101,73.2867,1275.4,16.868,5750.7998
2017-10-26,2560.3999,15524.5226,6037.8701,4299.4432,73.4072,1266.3,16.764,5904.8301
2017-10-27,2581.0701,15381.5741,6213.4702,4250.1892,73.6738,1268.5,16.702,5780.8999
2017-10-30,2572.8301,15352.3382,6227.5898,4249.7998,73.6308,1274.1,16.802,6130.5298
2017-10-31,2575.26,15352.3382,6248.5601,4281.1449,73.8543,1267.0,16.645,6468.3999
2017-11-01,2579.3601,15689.678,6248.6499,4308.1187,73.8629,1274.1,17.132,6767.3101
2017-11-02,2579.8501,15630.0786,6236.3901,4289.6017,74.0264,1274.9,17.094,7078.5
2017-11-03,2587.8401,15718.7872,6295.5801,4303.1602,74.0005,1266.5,16.794,7207.7598
2017-11-06,2591.1299,15643.9206,6313.6099,4277.0397,74.2843,1279.4,17.195,7022.7598
2017-11-07,2590.6399,15536.876,6320.7798,4248.8012,74.1295,1273.7,16.905,7144.3799
2017-11-08,2594.3799,15525.0297,6345.8101,4240.235,74.3703,1281.6,17.106,7459.6899
2017-11-09,2584.6201,15287.6718,6312.21,4189.3772,73.9403,1285.6,16.943,7143.5801
2017-11-10,2582.3,15289.3891,6309.0698,4185.6044,73.9231,1272.4,16.844,6618.1401
2017-11-13,2584.8401,15246.2482,6316.1802,4168.2935,73.7769,1277.3,17.023,6559.4902
2017-11-14,2578.8701,15203.4723,6293.6401,4148.4946,73.6136,1281.5,17.052,6635.75
2017-11-15,2564.6201,15302.864,6258.3599,4181.4213,73.3212,1276.5,16.95,7315.54
2017-11-16,2585.6399,15386.416,6339.1401,4203.9222,73.9403,1277.4,17.056,7871.6899
2017-11-17,2578.8501,15303.3055,6314.5098,4178.0044,73.7683,1295.8,17.358,7708.9902
2017-11-20,2582.1399,15320.2334,6308.6099,4178.1952,73.8801,1274.6,16.827,8200.6396
2017-11-21,2599.03,15460.3028,6378.6299,4202.5596,74.3445,1281.1,16.949,8071.2598
2017-11-22,2597.0801,15276.0485,6386.1201,4181.5632,74.3789,1291.6,17.101,8253.5498
2017-11-23,2597.0801,15369.2692,6386.1201,4220.3095,74.3789,1291.6,17.101,8038.77
2017-11-24,2602.4199,15481.0813,6409.29,4245.1755,74.7143,1286.7,16.981,8253.6904
2017-11-27,2601.4199,15504.6697,6405.9702,4250.6232,74.5079,1293.8,17.009,9818.3496
2017-11-28,2627.04,15547.245,6422.5601,4266.1103,75.0755,1294.7,16.811,10058.7998
2017-11-29,2626.0701,15475.7819,6311.3799,4253.3468,74.8949,1282.1,16.457,9888.6104
2017-11-30,2647.5801,15436.012,6365.5601,4231.0783,75.2991,1273.2,16.382,10233.5996
2017-12-01,2642.22,15302.9172,6337.8701,4197.1658,75.1701,1278.8,16.297,10975.5996
2017-12-04,2639.4399,15487.2625,6263.7002,4241.3482,74.9809,1274.3,16.284,11657.2002
2017-12-05,2629.5701,15485.676,6265.1099,4237.4619,74.8089,1261.6,15.973,11916.7002
2017-12-06,2629.27,15381.4336,6293.0498,4214.3771,74.7917,1262.8,15.868,14291.5
2017-12-07,2636.98,15398.8674,6316.2798,4217.8244,74.9723,1249.8,15.715,17899.6992
2017-12-08,2651.5,15484.7784,6344.5698,4227.9211,75.3163,1245.2,15.736,16569.4004
2017-12-11,2659.99,15446.4949,6393.8901,4216.2498,75.4367,1243.7,15.697,16936.8008
2017-12-12,2664.1101,15527.0237,6383.6499,4240.3453,75.6861,1238.5,15.582,17415.4004
2017-12-13,2662.8501,15412.917,6394.6699,4205.9067,75.6775,1245.4,15.784,16408.1992
2017-12-14,2652.01,15467.1966,6389.9102,4209.0922,75.4969,1253.8,15.85,16564.0
2017-12-15,2675.8101,15429.3853,6466.3198,4192.5089,75.6345,1254.3,15.978,17706.9004
2017-12-18,2690.1599,15633.3885,6513.27,4238.7465,76.3569,1262.2,16.12,19114.1992
2017-12-19,2681.47,15573.8215,6480.6699,4221.3787,76.2136,1260.7,16.066,17776.6992
2017-12-20,2679.25,15475.6298,6472.48,4206.8085,76.1095,1266.1,16.188,16624.5996
2017-12-21,2684.5701,15571.9814,6472.6899,4241.4357,76.3091,1267.3,16.152,15802.9004
2017-12-22,2683.3401,15500.8412,6465.1699,4213.3724,76.4741,1275.4,16.357,13831.7998
2017-12-26,2680.5,15500.8412,6433.1602,4213.3724,76.3872,1284.1,16.52,16099.7998
2017-12-27,2682.6201,15498.2915,6435.1499,4209.7541,76.4914,1287.0,16.619,15838.5
2017-12-28,2687.54,15447.1604,6441.4199,4194.209,76.6303,1294.1,16.832,14606.5
2017-12-29,2673.6101,15425.8885,6396.4199,4184.3322,76.4827,1306.3,17.06,14656.2002
2018-01-02,2695.8101,15460.5717,6511.3398,4184.3322,77.0643,1313.7,17.121,14982.0996
2018-01-03,2713.0601,15656.2044,6575.7998,4234.1276,77.5244,1316.2,17.185,15201.0
2018-01-04,2723.99,15815.1955,6584.5801,4286.3765,77.8716,1319.4,17.189,15599.2002
2018-01-05,2743.1499,16075.2603,6653.29,4353.9909,78.4879,1320.3,17.205,17429.5
2018-01-08,2747.71,16091.4131,6676.6299,4353.2875,78.2969,1318.6,17.064,15170.0996
2018-01-09,2751.29,16023.1625,6677.9399,4336.741,78.4792,1311.7,16.936,14595.4004
2018-01-10,2748.23,15843.7497,6662.6602,4306.2857,78.2969,1317.4,16.963,14973.2998
2018-01-11,2767.5601,15785.5786,6708.4902,4298.5209,78.8438,1320.6,16.894,13405.7998
2018-01-12,2786.24,15949.7969,6758.54,4350.3409,79.5556,1333.4,17.069,13980.5996
2018-01-15,2786.24,16094.4535,6758.54,4403.6261,79.5556,1333.4,17.069,13819.7998
2018-01-16,2776.4199,16251.1721,6737.1401,4443.6389,79.4167,1335.4,17.122,11490.5
2018-01-17,2802.5601,16178.4241,6810.2798,4433.3484,79.8941,1338.0,17.105,11188.5996
2018-01-18,2798.03,16182.0655,6811.3799,4411.7089,79.7465,1326.0,16.893,11474.9004
2018-01-19,2810.3,16439.2088,6834.3301,4465.2237,80.1111,1331.9,16.975,11607.4004
2018-01-22,2832.97,16500.4298,6906.2798,4491.985,80.6667,1330.9,16.931,10931.4004
2018-01-23,2839.1299,16618.9896,6963.46,4500.8519,80.9271,1335.7,16.855,10868.4004
2018-01-24,2837.54,16513.9043,6919.3501,4484.9013,81.0833,1355.9,17.425,11359.4004
2018-01-25,2839.25,16478.1486,6916.2998,4498.1598,80.9705,1362.4,17.551,11259.4004
2018-01-26,2872.8701,16531.5949,7022.9702,4519.9951,81.6562,1351.6,17.382,11171.4004
2018-01-29,2853.53,16559.7612,6988.3198,4527.5966,81.1354,1351.6,17.382,11296.4004
2018-01-30,2822.4299,16340.271,6930.73,4465.5681,80.3108,1335.4,17.013,10106.2998
2018-01-31,2823.8101,16367.5721,6949.9902,4478.9721,80.4496,1339.0,17.204,10221.0996
2018-02-01,2821.98,16149.1001,6901.5,4442.589,80.441,1344.3,17.118,9170.54
2018-02-02,2762.1299,15994.2466,6760.29,4407.6264,78.7483,1333.7,16.676,8830.75
2018-02-05,2648.9399,15792.049,6495.9199,4330.0058,75.4324,1333.0,16.639,6955.27
2018-02-06,2695.1399,15327.017,6665.98,4198.7753,76.8386,1326.1,16.548,7754.0
2018-02-07,2681.6599,15588.5824,6582.02,4277.1431,76.3004,1311.6,16.206,7621.2998
2018-02-08,2581.0,15041.0871,6306.1001,4143.3167,73.8092,1316.9,16.314,8265.5898
2018-02-09,2619.55,14844.6942,6412.6802,4077.9173,74.7814,1313.1,16.116,8736.9805
2018-02-12,2656.0,15049.831,6523.8501,4127.0491,75.632,1324.2,16.548,8926.5703
2018-02-13,2662.9399,15006.2751,6553.8599,4110.5984,75.7622,1328.1,16.507,8598.3096
2018-02-14,2698.6299,15243.5053,6675.0298,4163.008,76.9775,1355.5,16.858,9494.6299
2018-02-15,2731.2,15392.3077,6794.9199,4225.9443,77.6806,1352.1,16.777,10166.4004
2018-02-16,2732.22,15569.4269,6770.6602,4284.7321,77.8542,1353.2,16.695,10233.9004
2018-02-19,2732.22,15372.8523,6770.6602,4229.7066,77.8542,1353.2,16.695,11225.2998
2018-02-20,2716.26,15483.2995,6779.6899,4259.0325,77.2553,1328.8,16.425,11403.7002
2018-02-21,2701.3301,15382.7541,6759.2598,4231.2135,76.7779,1330.0,16.604,10690.4004
2018-02-22,2703.96,15305.5229,6761.8501,4215.1164,76.9862,1330.6,16.579,10005.0
2018-02-23,2747.3,15388.3393,6896.6001,4242.1695,78.0712,1328.2,16.476,10301.0996
2018-02-26,2779.6001,15392.1314,6989.1001,4255.2527,78.8091,1330.7,16.542,10366.7002
2018-02-27,2744.28,15383.0512,6900.3501,4258.7624,77.6633,1315.5,16.346,10725.5996
2018-02-28,2713.8301,15209.4435,6854.4199,4205.9585,76.9428,1315.5,16.324,10397.9004
2018-03-01,2677.6699,14862.2879,6750.54,4144.003,75.9272,1302.9,16.2,10951.0
2018-03-02,2691.25,14619.1262,6811.04,4079.7485,76.1702,1321.1,16.392,11086.4004
2018-03-05,2720.9399,14890.4171,6881.2798,4132.2184,76.9602,1318.1,16.338,11573.2998
2018-03-06,2728.1201,14944.326,6913.02,4142.438,77.1685,1333.6,16.715,10779.9004
2018-03-07,2726.8,15204.6398,6929.3901,4193.5511,77.1945,1326.0,16.428,9965.5703
2018-03-08,2738.97,15339.0078,6966.4302,4237.4676,77.4723,1319.9,16.436,9395.0098
2018-03-09,2786.5701,15194.6056,7101.1802,4209.5331,78.3664,1322.4,16.546,9337.5498
2018-03-12,2783.02,15285.4885,7131.1201,4221.262,78.4445,1319.4,16.471,9205.1201
2018-03-13,2765.3101,15080.244,7046.5098,4192.189,77.8976,1325.9,16.559,9194.8496
2018-03-14,2749.48,15165.4263,7040.98,4202.2184,77.7761,1324.4,16.467,8269.8096
2018-03-15,2747.3301,15278.4006,7030.9702,4225.1988,77.698,1316.8,16.353,8300.8604
2018-03-16,2752.01,15250.5917,7019.9502,4231.167,77.7066,1311.3,16.202,8338.3496
2018-03-19,2712.9199,15003.4632,6864.8799,4169.0698,76.8473,1316.8,16.255,8630.6504
2018-03-20,2716.9399,15183.3628,6885.9199,4209.4304,76.8994,1311.1,16.125,8913.4697
2018-03-21,2711.9299,15081.047,6853.4502,4166.92,76.8994,1320.7,16.357,8929.2803
2018-03-22,2643.6899,14940.769,6682.2598,4134.2315,75.1894,1326.6,16.328,8728.4697
2018-03-23,2588.26,14649.859,6508.0898,4064.8665,73.9915,1349.3,16.53,8879.6201
2018-03-26,2658.55,14562.4201,6753.8301,4050.6529,75.6581,1354.4,16.632,8209.4004
2018-03-27,2612.6201,14912.6481,6529.8398,4132.0867,74.5123,1341.3,16.489,7833.04
2018-03-28,2605.0,14815.8795,6460.8101,4133.3722,74.6164,1324.2,16.205,7954.48
2018-03-29,2640.8701,14891.399,6581.1299,4138.0965,75.632,1322.8,16.223,7165.7002
2018-04-02,2581.8799,14891.399,6390.8398,4138.0965,74.0349,1342.1,16.627,7083.7998
2018-04-03,2614.45,14754.2689,6458.8301,4114.2853,74.7553,1332.8,16.347,7456.1099
2018-04-04,2644.6899,14682.5389,6560.0601,4101.4575,75.3195,1335.8,16.209,6853.8398
2018-04-05,2662.8401,15119.1694,6594.8398,4214.3187,75.9272,1324.3,16.32,6811.4702
2018-04-06,2604.47,14997.5124,6433.21,4175.4675,74.7901,1331.9,16.332,6636.3198
2018-04-09,2613.1599,15046.9388,6472.3398,4190.5144,75.2154,1336.3,16.499,6770.73
2018-04-10,2656.8701,15276.4779,6615.8701,4237.4034,76.3004,1342.0,16.566,6834.7598
2018-04-11,2642.1899,15199.1314,6583.4399,4227.8143,75.9272,1356.5,16.738,6968.3198
2018-04-12,2663.99,15359.4078,6656.2598,4260.757,76.4133,1338.4,16.443,7889.25
2018-04-13,2656.3,15341.102,6628.3398,4251.2793,76.2136,1344.8,16.628,7895.96
2018-04-16,2677.8401,15281.8132,6675.1802,4243.6922,76.7084,1347.5,16.662,8058.6699
2018-04-17,2706.3899,15587.3894,6816.3701,4307.4358,77.4202,1347.2,16.772,7902.0898
2018-04-18,2708.6399,15578.8537,6833.21,4319.339,77.5938,1351.2,17.231,8163.4199
2018-04-19,2693.1299,15557.3951,6774.8901,4316.1139,77.1511,1346.8,17.222,8294.3096
2018-04-20,2670.1399,15481.9072,6667.75,4313.7737,76.6216,1336.7,17.147,8845.8301
2018-04-23,2670.29,15430.5995,6648.7998,4311.7199,76.5695,1322.5,16.571,8930.8799
2018-04-24,2634.5601,15323.2569,6509.0498,4286.4222,75.8751,1331.4,16.687,9697.5
2018-04-25,2639.3999,15206.6347,6513.9399,4267.1442,75.823,1321.2,16.486,8845.7402
2018-04-26,2666.9399,15215.158,6649.6499,4267.4237,76.5695,1316.3,16.488,9281.5098
2018-04-27,2669.9099,15234.9519,6656.3501,4261.1078,76.5608,1320.3,16.406,8987.0498
2018-04-30,2648.05,15289.4442,6605.5698,4287.2623,76.1963,1316.2,16.312,9240.5498
2018-05-01,2654.8,15289.4442,6681.96,4287.2623,76.2136,1303.8,16.039,9119.0098
2018-05-02,2635.6699,15351.8924,6644.48,4261.548,75.8056,1302.6,16.291,9235.9199
2018-05-03,2629.73,15166.0011,6643.48,4217.6521,75.9098,1310.7,16.362,9743.8604
2018-05-04,2663.4199,15369.7479,6769.1201,4256.8938,76.4567,1312.7,16.434,9700.7598
2018-05-07,2672.6299,15479.5027,6821.8701,4260.9896,76.7171,1312.2,16.413,9373.0098
2018-05-08,2671.9199,15409.1008,6815.48,4245.8828,76.6476,1312.0,16.388,9234.8203
2018-05-09,2697.79,15360.6766,6893.21,4236.527,77.1945,1311.3,16.458,9325.1797
2018-05-10,2723.0701,15428.4785,6963.5498,4236.527,77.8282,1320.8,16.68,9043.9404
2018-05-11,2727.72,15494.2674,6952.5601,4249.2193,78.0018,1319.0,16.676,8441.4902
2018-05-14,2730.1299,15511.1457,6964.3701,4261.8238,78.1928,1316.5,16.57,8716.79
2018-05-15,2711.45,15474.7895,6888.54,4252.6189,77.5938,1288.9,16.194,8510.3799
2018-05-16,2722.46,15362.8185,6929.9702,4211.6058,77.8369,1290.2,16.297,8368.8301
2018-05-17,2720.1299,15497.5068,6901.6299,4244.8713,77.915,1288.2,16.413,8094.3198
2018-05-18,2712.97,15425.4773,6866.25,4215.3338,77.6633,1290.2,16.387,8250.9697
2018-05-21,2733.01,15425.4773,6905.5298,4215.3338,78.1233,1290.2,16.452,8418.9902
2018-05-22,2724.4399,15530.5669,6893.6201,4230.2479,78.0365,1291.7,16.508,8041.7798
2018-05-23,2733.29,15297.8257,6953.6299,4175.2959,77.7414,1289.3,16.338,7557.8198
2018-05-24,2727.76,15053.5033,6949.7002,4124.0339,77.5938,1303.7,16.621,7587.3398
2018-05-25,2721.3301,15166.7659,6960.9199,4120.9309,77.3681,1303.3,16.481,7480.1401
2018-05-28,2721.3301,15036.0142,6960.9199,4070.835,77.3681,1303.3,16.481,7135.9902
2018-05-29,2689.8601,14727.3018,6926.54,3985.885,76.2744,1298.7,16.305,7472.5898
2018-05-30,2724.01,14751.6273,6976.3701,3970.9094,77.2466,1301.5,16.479,7406.52
2018-05-31,2705.27,14706.4404,6967.73,3974.6237,76.6997,1300.1,16.402,7494.1699
2018-06-01,2734.6201,14878.7063,7083.9302,4038.2835,77.5331,1294.8,16.388,7541.4502
2018-06-04,2746.8701,14901.6924,7143.5698,4048.5066,77.8108,1293.1,16.379,7514.4702
2018-06-05,2748.8,14961.6579,7166.75,4044.6379,77.8021,1297.5,16.491,7633.7598
2018-06-06,2772.3501,15044.8177,7210.0801,4058.2324,78.5139,1297.1,16.642,7653.98
2018-06-07,2770.3701,15098.4674,7152.8301,4077.5132,78.2622,1298.7,16.766,7678.2402
2018-06-08,2779.03,15058.4451,7152.6201,4066.1713,78.5487,1298.1,16.694,7624.9199
2018-06-11,2782.0,15134.0552,7168.48,4101.0831,78.757,1298.9,16.905,6906.9199
2018-06-12,2786.8501,15120.6844,7209.1802,4092.1915,78.7223,1295.1,16.849,6582.3599
2018-06-13,2775.6299,15144.1874,7205.2598,4087.8773,78.5139,1296.9,16.953,6349.8999
2018-06-14,2782.49,15476.5611,7279.5898,4164.7303,78.5834,1304.0,17.226,6675.3501
2018-06-15,2779.6599,15048.7526,7255.7598,4054.1084,78.4445,1274.6,16.452,6456.5801
2018-06-18,2773.75,14882.3704,7251.4102,4019.9099,78.0886,1276.2,16.412,6734.8198
2018-06-19,2762.5901,14745.4247,7228.04,3995.5103,77.7136,1275.6,16.303,6769.9399
2018-06-20,2767.3201,14711.863,7280.7002,3986.0013,77.8189,1271.2,16.289,6776.5498
2018-06-21,2749.76,14487.5822,7217.4902,3940.9355,77.3622,1267.2,16.306,6729.7402
2018-06-22,2754.8799,14599.7401,7197.5098,3994.2438,77.7311,1267.4,16.439,6083.6899
2018-06-25,2717.0701,14308.9222,7038.1699,3928.9704,76.7123,1265.6,16.308,6249.1802
2018-06-26,2723.0601,14317.5417,7068.2002,3942.3287,76.8177,1256.6,16.238,6093.6699
2018-06-27,2699.6299,14386.4515,6969.6699,3957.7445,76.1501,1252.8,16.139,6157.1299
2018-06-28,2716.3101,14081.3047,7031.6001,3891.7645,76.563,1247.8,15.951,5903.4399
2018-06-29,2718.3701,14229.3861,7040.7998,3926.3209,76.8177,1251.3,16.104,6218.2998
2018-07-02,2726.71,14292.4184,7097.8198,3938.2552,76.6683,1239.8,15.744,6614.1802
2018-07-03,2713.22,14377.0179,7014.5498,3965.7024,76.3697,1251.6,15.952,6529.5898
2018-07-04,2713.22,14361.3779,7014.5498,3978.1623,76.3697,1251.6,15.952,6597.5498
2018-07-05,2736.6101,14536.2924,7101.0498,4012.9216,77.169,1257.3,16.008,6639.1401
2018-07-06,2759.8201,14615.4028,7207.3301,4033.3215,77.775,1254.3,15.981,6673.5
2018-07-09,2784.1699,14741.9079,7276.0,4066.7997,78.3108,1258.1,16.053,6741.75
2018-07-10,2793.8401,14825.3499,7282.6001,4083.5568,78.6094,1253.8,16.003,6329.9502
2018-07-11,2774.02,14561.6206,7243.98,4013.4044,77.6345,1242.8,15.732,6394.71
2018-07-12,2798.29,14587.7733,7366.25,4023.2249,78.3459,1245.0,15.898,6228.8101
2018-07-13,2801.3101,14629.877,7375.8198,4030.0281,78.5128,1239.6,15.739,6238.0498
2018-07-16,2798.4299,14670.1461,7357.8999,4028.2167,78.3372,1238.1,15.735,6741.75
2018-07-17,2809.55,14825.9857,7403.8901,4048.5475,78.5831,1225.7,15.546,7321.04
2018-07-18,2815.6201,14876.4655,7390.1299,4061.2499,78.8027,1226.3,15.503,7370.7798
2018-07-19,2804.49,14774.0044,7352.3599,4042.949,78.4338,1222.4,15.34,7466.8599
2018-07-20,2801.8301,14640.5197,7350.23,4032.7159,78.6621,1229.5,15.49,7354.1299
2018-07-23,2806.98,14734.4213,7371.7798,4055.7153,78.6709,1224.0,15.368,7711.1099
2018-07-24,2820.3999,14839.1353,7406.25,4073.4275,79.0222,1223.9,15.463,8424.2695
2018-07-25,2846.0701,14699.6003,7508.5898,4053.0639,79.6371,1231.4,15.533,8181.3901
2018-07-26,2837.4399,15034.8379,7400.75,4118.9949,79.5053,1225.3,15.438,7951.5801
2018-07-27,2818.8201,14973.2794,7296.7798,4106.6723,79.1101,1222.6,15.436,8165.0098
2018-07-30,2802.6001,14923.2752,7193.1001,4095.511,78.8729,1221.3,15.475,8180.48
2018-07-31,2816.29,14991.9219,7231.98,4127.4351,79.1276,1223.7,15.5,7780.4399
2018-08-01,2813.3601,14889.1242,7272.8901,4127.4351,78.8993,1217.9,15.394,7624.9102
2018-08-02,2827.22,14636.4094,7372.1499,4047.1418,79.0749,1210.6,15.329,7567.1499
2018-08-03,2840.3501,14616.6294,7395.4902,4034.7113,79.2945,1214.2,15.406,7434.3901
2018-08-06,2850.3999,14566.425,7438.9902,4027.4951,79.3736,1208.6,15.292,6951.7998
2018-08-07,2858.45,14618.8054,7462.6499,4050.3584,79.6985,1209.6,15.317,6753.1201
2018-08-08,2857.7,14658.6289,7469.5498,4053.6055,79.7425,1212.6,15.376,6305.7998
2018-08-09,2853.5801,14717.9284,7466.96,4056.9506,79.4526,1211.9,15.419,6568.23
2018-08-10,2833.28,14317.7259,7408.2998,3948.419,78.5567,1211.1,15.266,6184.71
2018-08-13,2821.9299,14082.4297,7401.1699,3885.2324,78.302,1191.3,14.953,6297.5698
2018-08-14,2839.96,14092.213,7447.1699,3887.617,78.5831,1193.0,15.025,6199.71
2018-08-15,2818.3701,13799.8049,7354.6602,3811.1167,77.8717,1177.5,14.421,6308.52
2018-08-16,2840.6899,13882.2118,7374.29,3831.6052,78.4162,1176.2,14.697,6334.73
2018-08-17,2850.1299,13885.0919,7377.54,3835.5014,78.6973,1176.5,14.616,6580.6299
2018-08-20,2857.05,14104.197,7371.4199,3881.5851,79.031,1186.8,14.655,6308.5298
2018-08-21,2862.96,14231.4467,7397.23,3920.4566,79.3999,1192.6,14.751,6488.7598
2018-08-22,2861.8201,14338.6202,7424.6001,3959.4581,79.5053,1196.3,14.735,6376.71
2018-08-23,2856.98,14325.2778,7413.8398,3961.1445,79.2857,1187.0,14.527,6534.8799
2018-08-24,2874.6899,14307.4221,7485.3999,3956.4123,79.6722,1206.3,14.779,6719.96
2018-08-27,2896.74,14605.7536,7559.1299,4025.8721,80.4275,1209.0,14.844,6884.6401
2018-08-28,2897.52,14636.5467,7570.25,4028.0058,80.3661,1207.4,14.767,7096.2798
2018-08-29,2914.04,14686.1823,7660.1802,4040.6502,80.8052,1204.5,14.688,7047.1602
2018-08-30,2901.1299,14630.4292,7642.6699,4017.5997,80.4187,1197.7,14.477,6978.23
2018-08-31,2901.52,14422.2595,7654.5498,3957.7036,80.0323,1200.3,14.438,7037.5801
2018-09-03,2901.52,14323.1482,7654.5498,3938.5493,80.0323,1200.3,14.438,7260.0601
2018-09-04,2896.72,14182.7466,7622.3198,3902.0585,79.7161,1192.7,14.061,7361.6602
2018-09-05,2888.6001,13950.734,7523.2598,3841.6584,79.3209,1194.9,14.118,6792.8301
2018-09-06,2878.05,13910.1879,7453.1699,3834.9079,79.1628,1197.9,14.075,6529.1699
2018-09-07,2871.6799,13897.1733,7430.2598,3826.9074,78.7675,1193.6,14.067,6467.0698
2018-09-10,2877.1299,13857.5208,7447.6802,3825.8899,78.9783,1193.0,14.079,6329.7002
2018-09-11,2887.8899,13880.6648,7507.8701,3840.1843,79.2682,1195.4,14.052,6321.2002
2018-09-12,2888.9199,13952.7569,7488.0601,3857.5537,79.4526,1204.7,14.192,6351.7998
2018-09-13,2904.1799,14019.7118,7561.6899,3876.8229,79.9708,1202.0,14.143,6517.3101
2018-09-14,2904.98,14175.529,7545.5,3910.4757,80.0235,1195.0,14.042,6512.71
2018-09-17,2888.8,14066.902,7434.73,3891.1878,79.7425,1199.7,14.122,6281.2002
2018-09-18,2904.3101,14186.9754,7494.3999,3919.0395,80.1904,1196.8,14.084,6371.2998
2018-09-19,2907.95,14271.7214,7490.3198,3934.4524,80.4978,1202.2,14.189,6398.54
2018-09-20,2930.75,14390.6798,7569.0298,3973.0085,81.2532,1206.2,14.215,6519.6699
2018-09-21,2929.6699,14638.5141,7531.0698,4040.0971,81.2444,1196.2,14.269,6734.9502
2018-09-24,2919.3701,14513.4736,7548.75,4007.6148,80.9194,1199.3,14.251,6595.4102
2018-09-25,2915.5601,14543.8806,7563.1899,4019.2516,80.8404,1200.0,14.398,6446.4702
2018-09-26,2905.97,14569.75,7563.0898,4038.4774,80.8755,1194.0,14.305,6495.0
2018-09-27,2914.0,14609.9956,7629.5698,4052.9977,80.8404,1182.3,14.201,6676.75
2018-09-28,2913.98,14251.9843,7627.6499,3955.7778,80.6296,1191.5,14.623,6644.1299
2018-10-01,2924.5901,14319.9027,7645.4502,3962.2593,80.9194,1187.1,14.422,6589.6201
2018-10-02,2923.4299,14226.0163,7628.2798,3923.6226,80.5681,1202.4,14.61,6556.1001
2018-10-03,2925.51,14226.0163,7637.4302,3933.924,80.7086,1198.3,14.59,6502.5898
2018-10-04,2901.6101,14051.7577,7490.0,3873.3475,79.8127,1197.2,14.51,6576.6899
2018-10-05,2885.5701,13950.5884,7399.0098,3853.3865,79.4965,1201.2,14.569,6622.48
2018-10-08,2884.4299,13766.2298,7352.8198,3813.6566,79.154,1184.4,14.259,6652.23
2018-10-09,2880.3401,13766.7605,7371.6201,3818.1055,79.0135,1187.2,14.329,6642.6401
2018-10-10,2785.6799,13477.5148,7044.5,3759.2053,76.9758,1189.3,14.255,6585.5298
2018-10-11,2728.3701,13308.7479,6964.0298,3701.2744,75.4299,1223.5,14.535,6256.2402
2018-10-12,2767.1299,13356.6027,7157.21,3702.4617,76.2731,1218.1,14.564,6274.5801
2018-10-15,2750.79,13415.9178,7068.6699,3708.4095,75.8252,1226.4,14.656,6596.54
2018-10-16,2809.9199,13641.3172,7276.4302,3773.1263,77.3534,1227.3,14.63,6596.1099
2018-10-17,2809.21,13560.4747,7278.6299,3753.9557,77.1602,1223.7,14.592,6544.4302
2018-10-18,2768.78,13328.5914,7116.0898,3693.6057,76.0623,1226.5,14.533,6476.71
2018-10-19,2767.78,13240.6937,7107.23,3679.601,76.1677,1225.3,14.579,6465.4102
2018-10-22,2755.8799,13263.9,7141.21,3671.6234,75.9833,1221.2,14.522,6487.1602
2018-10-23,2740.6899,12929.2214,7118.6699,3601.9956,75.3509,1233.4,14.728,6475.7402
2018-10-24,2656.1001,12840.3278,6789.1499,3591.4755,73.1463,1227.8,14.611,6495.8398
2018-10-25,2705.5701,12889.2784,7016.3901,3607.1812,74.3232,1229.1,14.565,6476.29
2018-10-26,2658.6899,12743.9078,6852.3999,3566.8336,73.2956,1232.5,14.635,6474.75
2018-10-29,2641.25,12921.0179,6713.8999,3596.2222,72.9531,1224.5,14.377,6332.6299
2018-10-30,2682.6299,12840.733,6810.1201,3580.2303,73.9983,1222.6,14.403,6334.27
2018-10-31,2711.74,12988.7545,6967.1001,3628.0093,74.8766,1212.3,14.229,6317.6099
2018-11-01,2740.3701,12978.6,7069.1699,3626.1075,75.5968,1236.0,14.729,6377.7798
2018-11-02,2723.0601,13135.4373,6965.29,3665.4845,75.3421,1230.9,14.707,6388.4399
2018-11-05,2738.3101,13101.4615,6937.0898,3667.0202,75.6846,1229.8,14.604,6419.6602
2018-11-06,2755.45,13106.9835,6988.8501,3660.6022,76.036,1223.8,14.458,6461.0098
2018-11-07,2813.8899,13244.761,7203.1299,3713.1222,77.4149,1226.2,14.528,6530.1401
2018-11-08,2806.8301,13180.4062,7158.5898,3701.8911,76.9231,1222.9,14.386,6453.7202
2018-11-09,2781.01,13106.8281,7039.1499,3671.4184,76.4839,1206.4,14.103,6385.6201
2018-11-12,2726.22,12826.0929,6829.1001,3617.3046,74.9205,1201.3,13.974,6371.27
2018-11-13,2722.1799,12887.2376,6830.9102,3622.579,75.1137,1199.2,13.952,6359.4902
2018-11-14,2701.5801,12908.9341,6769.8701,3625.6449,74.6658,1207.9,14.055,5738.3501
2018-11-15,2730.2,12843.0828,6890.4502,3608.8257,75.2367,1212.8,14.237,5648.0298
2018-11-16,2736.27,12843.5682,6867.02,3602.156,75.4124,1220.8,14.358,5575.5498
2018-11-19,2690.73,12834.4749,6642.9199,3607.1886,74.4462,1223.1,14.381,4871.4902
2018-11-20,2641.8899,12676.5907,6526.96,3569.4633,73.1112,1219.0,14.247,4451.8701
2018-11-21,2649.9299,12787.3472,6575.6602,3586.7602,73.7348,1225.8,14.48,4602.1699
2018-11-22,2649.9299,12684.9073,6575.6602,3560.7625,73.7348,1225.8,14.48,4365.9399
2018-11-23,2632.5601,12763.2028,6527.3501,3577.4104,73.1463,1221.0,14.221,4347.1099
2018-11-26,2673.45,12873.2479,6678.3398,3597.0137,74.0422,1220.2,14.183,3779.1299
2018-11-27,2682.1699,12817.0334,6701.04,3588.6209,74.1652,1211.2,14.062,3820.72
2018-11-28,2743.79,12766.3752,6913.3301,3579.7866,75.7988,1221.4,14.303,4257.4199
2018-11-29,2737.8,12844.4445,6892.3999,3608.5581,75.5704,1224.1,14.273,4278.8467
2018-11-30,2760.1699,12825.1106,6949.0098,3615.0727,75.7198,1220.2,14.094,4017.2686
2018-12-03,2790.3701,13004.4005,7062.1299,3646.519,76.721,1233.9,14.381,3894.1309
2018-12-04,2700.0601,12871.0989,6795.21,3621.3491,74.3847,1241.1,14.521,3956.8938
2018-12-05,2700.0601,12704.3029,6795.21,3573.3148,74.3847,1241.1,14.521,3753.9949
2018-12-06,2695.95,12269.4498,6838.8501,3456.8564,74.1476,1238.1,14.39,3521.1018
2018-12-07,2633.0801,12271.1852,6613.2798,3479.0022,72.8213,1246.8,14.572,3419.9373
2018-12-10,2637.72,12110.1679,6682.7402,3439.6548,72.672,1243.7,14.478,3502.656
2018-12-11,2636.78,12242.9275,6704.2402,3469.786,72.5929,1241.9,14.499,3424.5881
2018-12-12,2651.0701,12375.5081,6763.96,3519.1871,73.3746,1244.4,14.725,3486.9502
2018-12-13,2650.54,12425.1631,6767.9702,3539.6137,73.2253,1242.7,14.729,3313.6772
2018-12-14,2599.95,12347.4653,6594.96,3514.3183,71.9693,1237.0,14.513,3242.4849
2018-12-17,2545.9399,12178.9953,6448.3901,3463.7472,70.8451,1247.4,14.639,3545.8647
2018-12-18,2546.1599,12190.733,6491.52,3450.4974,70.8726,1249.2,14.585,3696.0591
2018-12-19,2506.96,12246.9943,6342.9702,3471.0666,70.0752,1252.1,14.702,3745.9507
2018-12-20,2467.4199,12085.5346,6243.1899,3416.9248,69.0562,1263.6,14.753,4134.4414
2018-12-21,2416.6201,12183.0118,6046.5601,3437.7549,67.7981,1253.8,14.583,3896.5437
2018-12-24,2351.1001,12183.0118,5899.3501,3437.7549,66.4868,1267.5,14.701,4078.5991
2018-12-26,2467.7,12183.0118,6262.77,3437.7549,68.6664,1269.2,15.004,3857.2976
2018-12-27,2488.8301,11794.758,6288.2998,3337.2267,69.3486,1277.3,15.191,3654.8335
2018-12-28,2485.74,12070.004,6285.27,3413.9186,69.455,1279.9,15.326,3923.9187
2018-12-31,2506.8501,12070.004,6329.9702,3413.9186,69.9338,1278.3,15.433,3742.7004
2019-01-02,2510.03,12126.7097,6360.8701,3413.9186,69.9427,1281.0,15.542,3943.4094
2019-01-03,2447.8899,11789.6871,6147.1299,3344.1156,68.7723,1291.8,15.706,3836.7412
2019-01-04,2531.9399,12265.5604,6422.6699,3464.9952,70.8649,1282.7,15.695,3857.7175
2019-01-07,2549.6899,12263.729,6488.25,3461.5181,71.193,1286.8,15.669,4025.2483
2019-01-08,2574.4099,12402.6863,6551.8501,3506.9909,71.8934,1283.2,15.626,4030.8479
2019-01-09,2584.96,12479.46,6600.6899,3517.2873,72.39,1289.3,15.653,4035.2964
2019-01-10,2596.6399,12619.8417,6620.9399,3553.9904,72.7181,1284.7,15.561,3678.9246
2019-01-11,2596.26,12531.6068,6601.3999,3533.6557,72.5052,1287.1,15.577,3687.3655
2019-01-14,2582.6101,12441.0209,6541.04,3501.2778,72.2393,1289.1,15.609,3706.0522
2019-01-15,2610.3,12496.03,6669.6401,3519.9398,72.8954,1286.2,15.546,3630.6753
2019-01-16,2616.1001,12480.0096,6668.5601,3513.2093,72.9663,1291.6,15.564,3655.0068
2019-01-17,2635.96,12445.1403,6718.4502,3498.4725,73.4895,1291.0,15.467,3678.564
2019-01-18,2670.71,12766.0642,6784.6099,3571.5002,74.2964,1281.3,15.33,3657.8394
2019-01-21,2670.71,12656.9314,6784.6099,3551.8217,74.2964,1281.3,15.33,3576.0325
2019-01-22,2632.8999,12608.7028,6646.8101,3539.0424,73.2767,1282.5,15.259,3604.5771
2019-01-23,2638.7,12581.7243,6658.7598,3536.6318,73.4452,1283.1,15.317,3585.123
2019-01-24,2642.3301,12675.2983,6702.5498,3560.312,73.587,1279.1,15.238,3600.8655
2019-01-25,2664.76,12763.6496,6787.3701,3578.7306,74.3407,1297.4,15.639,3599.7659
2019-01-28,2643.8501,12794.382,6697.0898,3580.5819,73.791,1302.4,15.709,3470.4504
2019-01-29,2640.0,12823.1322,6632.79,3604.3616,73.9151,1308.2,15.786,3448.1169
2019-01-30,2681.05,12786.6386,6807.9102,3615.5657,74.8284,1309.9,15.88,3486.1816
2019-01-31,2704.1001,12835.2667,6906.8398,3629.4428,75.3338,1319.7,16.022,3457.7927
2019-02-01,2706.53,12801.3052,6875.52,3630.7763,75.3072,1316.9,15.88,3487.9453
2019-02-04,2724.8701,12803.0836,6959.96,3625.8247,75.7594,1314.3,15.837,3459.1541
2019-02-05,2737.7,13000.7448,7023.52,3676.811,76.1762,1314.2,15.79,3466.3574
2019-02-06,2731.6101,12921.4205,6997.6201,3665.7237,75.9723,1309.5,15.656,3413.7678
2019-02-07,2706.05,12527.5842,6904.98,3581.1415,75.192,1309.4,15.675,3399.4717
2019-02-08,2707.8799,12366.9451,6913.1299,3555.4069,75.121,1313.7,15.773,3666.7803
2019-02-11,2709.8,12473.2069,6909.1802,3584.8189,75.1122,1307.0,15.657,3648.4307
2019-02-12,2744.73,12549.1535,7014.6699,3598.8606,76.0698,1309.2,15.66,3653.5286
2019-02-13,2753.03,12657.6586,7015.8799,3629.7761,76.2471,1310.8,15.624,3632.0706
2019-02-14,2745.73,12492.5825,7022.4199,3585.2475,76.1407,1309.8,15.5,3616.8809
2019-02-15,2775.6001,12763.5203,7055.1802,3661.1056,77.0895,1318.1,15.723,3620.8108
2019-02-18,2775.6001,12765.871,7055.1802,3665.9737,77.0895,1318.1,15.723,3915.7144
2019-02-19,2779.76,12792.9347,7066.6099,3664.408,77.2757,1340.1,15.947,3947.0945
2019-02-20,2784.7,12933.2678,7062.3398,3697.2434,77.4974,1343.3,16.157,3999.8206
2019-02-21,2774.8799,12961.2628,7035.1602,3703.1108,77.2668,1323.5,15.791,3954.1182
2019-02-22,2792.6699,12996.4829,7090.6299,3709.7888,77.7013,1329.2,15.908,4005.5266
2019-02-25,2796.1101,13049.6897,7115.4302,3720.2663,77.8698,1325.9,15.825,3882.6963
2019-02-26,2793.8999,13119.0066,7123.2202,3739.1385,77.9585,1325.1,15.827,3854.3579
2019-02-27,2792.3799,13087.6931,7117.0,3740.1107,77.7634,1317.7,15.672,3851.0474
2019-02-28,2784.49,13105.0163,7097.5298,3753.4824,77.5772,1312.8,15.538,3854.7854
2019-03-01,2803.6899,13195.1229,7151.5698,3767.0035,78.0915,1296.4,15.169,3859.5837
2019-03-04,2792.8101,13187.7142,7150.8301,3773.5284,77.7545,1284.8,15.017,3761.5571
2019-03-05,2789.6499,13174.8448,7156.79,3772.1531,77.7545,1282.0,15.02,3896.375
2019-03-06,2771.45,13102.2504,7112.4702,3759.2379,77.3466,1284.9,15.003,3903.9426
2019-03-07,2748.9299,13031.2496,7026.8799,3743.6361,76.5841,1283.8,14.96,3911.4844
2019-03-08,2743.0701,12830.8712,7015.6899,3677.0849,76.4688,1297.0,15.272,3901.1316
2019-03-11,2783.3,12966.1237,7164.02,3711.6862,77.4708,1288.8,15.197,3905.2273
2019-03-12,2791.52,12975.3312,7201.2798,3719.9942,77.6215,1296.3,15.338,3909.1562
2019-03-13,2810.9199,13062.2955,7256.98,3751.3262,78.2422,1307.5,15.381,3906.7173
2019-03-14,2808.48,13129.8314,7243.0098,3786.8743,78.1003,1293.4,15.101,3924.3691
2019-03-15,2822.48,13214.6218,7306.9902,3829.1077,78.6944,1301.8,15.253,3960.9111
2019-03-18,2832.9399,13195.5257,7326.2798,3835.0708,79.0048,1300.3,15.251,4032.5073
2019-03-19,2832.5701,13363.575,7349.2798,3864.5098,79.0314,1305.0,15.301,4071.1902
2019-03-20,2824.23,13176.0557,7380.75,3829.2906,78.8718,1300.5,15.245,4087.4763
2019-03-21,2854.8799,13199.2003,7493.27,3848.2372,79.4304,1306.1,15.372,4029.3269
2019-03-22,2800.71,12926.756,7326.0601,3760.2716,77.8786,1311.6,15.345,4023.9683
2019-03-25,2798.3601,12817.0186,7316.96,3728.1763,77.8875,1321.9,15.507,3963.0706
2019-03-26,2818.46,12922.057,7351.1499,3756.3142,78.4107,1314.3,15.371,3985.0808
2019-03-27,2805.3701,12874.7927,7308.1899,3745.5492,78.1358,1309.9,15.239,4087.0662
2019-03-28,2815.4399,12858.6896,7320.4702,3735.9101,78.3043,1289.8,14.921,4069.1072
2019-03-29,2834.3999,12943.7707,7378.77,3763.9784,78.7299,1293.0,15.06,4098.3745
2019-04-01,2867.1899,13111.6895,7478.4199,3799.6993,79.6432,1288.4,15.051,4158.1831
2019-04-02,2867.24,13172.1093,7499.6401,3805.1323,79.6698,1290.0,15.018,4879.8779
2019-04-03,2873.3999,13393.5358,7544.9702,3849.1514,79.9801,1289.9,15.059,4973.022
2019-04-04,2879.3899,13482.854,7540.5698,3871.1212,80.051,1289.0,15.041,4922.7988
2019-04-05,2892.74,13481.9831,7578.8398,3870.0832,80.3525,1290.4,15.043,5036.6812
2019-04-08,2895.77,13422.4173,7599.7402,3857.3545,80.4412,1297.1,15.173,5289.771
2019-04-09,2878.2,13339.5286,7568.4902,3846.5747,79.9801,1303.5,15.168,5204.9585
2019-04-10,2888.21,13414.354,7611.4902,3858.543,80.2638,1309.1,15.201,5324.5518
2019-04-11,2888.3201,13458.7288,7594.8901,3873.8613,80.2284,1288.6,14.824,5064.4878
2019-04-12,2907.4099,13512.8255,7628.1499,3882.5166,80.7515,1290.6,14.92,5089.5391
2019-04-15,2905.5801,13588.9937,7629.1201,3900.7642,80.7338,1286.8,14.948,5067.1084
2019-04-16,2907.0601,13680.4556,7654.73,3915.3037,80.7959,1272.6,14.891,5235.5596
2019-04-17,2900.45,13714.7715,7680.7202,3924.6274,80.7515,1272.2,14.921,5251.938
2019-04-18,2905.03,13807.8019,7689.7202,3953.1283,80.8757,1271.9,14.937,5298.3857
2019-04-22,2907.97,13807.8019,7713.4902,3953.1283,80.8846,1273.5,14.957,5399.3652
2019-04-23,2933.6799,13775.9346,7810.71,3944.9774,81.3102,1269.3,14.773,5572.3623
2019-04-24,2927.25,13820.7245,7784.4102,3931.4751,81.0264,1275.5,14.898,5464.8667
2019-04-25,2926.1699,13699.3903,7816.9199,3894.7108,80.9643,1275.8,14.861,5210.5156
2019-04-26,2939.8799,13715.2296,7826.6802,3898.3536,81.3368,1284.9,15.002,5279.3481
2019-04-29,2943.03,13746.0637,7839.04,3904.7545,81.4698,1278.6,14.844,5247.3525
2019-04-30,2945.8301,13807.0786,7781.46,3931.1667,81.656,1282.8,14.9,5350.7266
2019-05-01,2923.73,13807.0786,7751.8501,3931.1667,80.9643,1281.4,14.645,5402.6973
2019-05-02,2917.52,13827.9094,7724.0601,3907.8952,80.8314,1269.7,14.54,5505.2837
2019-05-03,2945.6399,13869.46,7845.73,3913.5168,81.6915,1279.2,14.907,5768.2896
2019-05-06,2932.47,13743.8682,7794.0898,3873.5894,81.1683,1281.7,14.857,5746.8071
2019-05-07,2884.05,13546.1021,7640.1499,3809.9272,79.7939,1283.5,14.86,5829.5015
2019-05-08,2879.4199,13630.6389,7617.5498,3824.278,79.7673,1279.4,14.792,5982.4575
2019-05-09,2870.72,13408.7949,7582.75,3752.2368,79.4126,1283.5,14.707,6174.5288
2019-05-10,2881.3999,13533.6435,7586.5298,3771.7989,79.7585,1285.7,14.726,6378.8491
2019-05-13,2811.8701,13345.151,7324.1299,3731.3813,77.9673,1300.1,14.713,7814.915
2019-05-14,2834.4099,13469.6446,7401.8799,3779.0558,78.659,1294.7,14.752,7994.416
2019-05-15,2850.96,13556.9422,7503.25,3793.5912,79.1378,1296.3,14.752,8205.168
2019-05-16,2876.3201,13796.5327,7580.1401,3853.6783,79.7673,1285.0,14.479,7884.9092
2019-05-17,2859.53,13675.2528,7503.6802,3827.6591,79.3594,1274.5,14.348,7343.8955
2019-05-20,2840.23,13444.491,7376.7002,3762.4687,78.8008,1276.1,14.409,7978.3091
2019-05-21,2864.3601,13562.5155,7451.02,3782.2464,79.4392,1272.0,14.373,7963.3276
2019-05-22,2856.27,13590.739,7420.6602,3782.4809,79.2087,1273.6,14.414,7680.0664
2019-05-23,2822.24,13333.4931,7307.9302,3711.6529,78.2865,1284.8,14.577,7881.8467
2019-05-24,2826.0601,13433.8156,7300.96,3747.6093,78.7122,1283.0,14.52,7987.3716
2019-05-27,2826.0601,13531.347,7300.96,3770.9647,78.7122,1283.0,14.52,8805.7783
2019-05-28,2802.3899,13462.8648,7278.3799,3748.6542,78.0383,1276.5,14.281,8719.9619
2019-05-29,2783.02,13223.6473,7216.8599,3683.8806,77.453,1280.6,14.372,8659.4873
2019-05-30,2788.8601,13255.7584,7245.3999,3683.8806,77.7013,1287.1,14.46,8319.4727
2019-05-31,2752.0601,13053.318,7127.96,3651.4948,76.9299,1305.8,14.53,8574.502
2019-06-03,2744.45,13177.3535,6978.02,3687.6848,76.7348,1322.7,14.703,8208.9951
2019-06-04,2803.27,13463.1565,7166.75,3748.9483,78.2688,1323.4,14.732,7707.771
2019-06-05,2826.1499,13483.2482,7220.8999,3758.7922,78.6678,1328.3,14.754,7824.2314
2019-06-06,2843.49,13422.1991,7275.9302,3748.7057,79.0048,1337.6,14.868,7822.0234
2019-06-07,2873.3401,13582.9729,7417.29,3809.6302,79.9979,1341.2,14.994,8043.9512
2019-06-10,2886.73,13582.9729,7501.9302,3809.6302,80.4057,1324.7,14.605,8000.3296
2019-06-11,2885.72,13758.0749,7513.8501,3849.4014,80.2905,1326.4,14.706,7927.7144
2019-06-12,2879.8401,13726.4818,7472.29,3836.8886,80.122,1331.9,14.722,8145.8574
2019-06-13,2891.6399,13745.6791,7510.6802,3829.7752,80.255,1339.2,14.871,8230.9238
2019-06-14,2886.98,13645.2763,7479.1099,3811.8762,80.0245,1340.1,14.782,8693.833
2019-06-17,2889.6699,13556.7257,7526.52,3794.9637,79.9921,1338.7,14.814,9320.3525
2019-06-18,2917.75,13841.9006,7635.3999,3875.7321,80.9089,1346.6,14.98,9081.7627
2019-06-19,2926.46,13783.3486,7667.7402,3868.645,81.2684,1344.6,14.945,9273.5215
2019-06-20,2954.1799,13885.5809,7738.0498,3897.5951,82.0323,1392.9,15.469,9527.1602
2019-06-21,2950.46,13938.6872,7728.7798,3916.0961,81.7897,1396.2,15.273,10144.5566
2019-06-24,2945.3501,13974.26,7723.02,3934.0713,81.8166,1414.3,15.368,11011.1025
2019-06-25,2917.3799,13940.7864,7591.54,3926.6731,81.1425,1414.9,15.291,11790.917
2019-06-26,2913.78,13922.8893,7627.0498,3914.6229,81.1425,1411.6,15.283,13016.2314
2019-06-27,2924.9199,13957.9933,7657.0498,3915.6219,81.3672,1408.4,15.205,11182.8066
2019-06-28,2941.76,14101.0828,7671.0801,3950.6073,81.8076,1409.7,15.253,12407.332
2019-07-01,2964.3301,14230.4587,7768.1401,3974.9861,82.3739,1385.6,15.106,10583.1348
2019-07-02,2973.01,14139.4673,7799.8198,3959.6135,82.6346,1404.6,15.154,10801.6777
2019-07-03,2995.8201,14247.5893,7857.6899,3998.4527,83.2098,1417.7,15.252,11961.2695
2019-07-04,2995.8201,14256.5748,7857.6899,4000.6205,83.2098,1417.7,15.252,11215.4375
2019-07-05,2990.4099,14184.5796,7841.2998,3981.6042,83.003,1396.7,14.918,10978.46
2019-07-08,2975.95,14083.0706,7785.79,3956.258,82.5986,1397.0,14.972,12285.958
2019-07-09,2979.6299,13948.888,7826.8599,3936.5508,82.5087,1397.5,15.068,12573.8125
2019-07-10,2993.0701,13868.4266,7903.3999,3924.5909,82.9132,1410.1,15.147,12156.5127
2019-07-11,2999.9099,13884.5521,7896.7798,3936.9167,83.1019,1404.3,15.067,11358.6621
2019-07-12,3013.77,13866.6823,7943.2402,3935.67,83.3446,1409.9,15.161,11815.9863
2019-07-15,3014.3,13963.0731,7966.9302,3947.7203,83.2996,1411.4,15.29,10895.0898
2019-07-16,3004.04,13999.4701,7927.0801,3965.6742,83.048,1409.2,15.6,9477.6416
2019-07-17,2984.4199,13837.0981,7888.7598,3926.0666,82.7514,1421.3,15.893,9693.8027
2019-07-18,2995.1101,13731.4425,7904.1299,3911.095,82.9042,1426.1,16.12,10666.4824
2019-07-19,2976.6101,13806.6973,7834.8999,3919.2101,82.5716,1425.1,16.117,10530.7324
2019-07-22,2985.03,13786.6281,7905.1201,3915.0997,82.8143,1425.3,16.34,10343.1064
2019-07-23,3005.47,13997.2663,7954.5601,3958.9746,83.3446,1420.1,16.405,9900.7676
2019-07-24,3019.5601,13964.594,8010.6099,3939.6269,83.6322,1422.8,16.554,9811.9258
2019-07-25,3003.6699,13774.3878,7929.8701,3911.1613,83.003,1413.9,16.339,9911.8418
2019-07-26,3025.8601,13843.4187,8016.9502,3928.4303,83.6322,1418.5,16.325,9870.3037
2019-07-29,3020.97,13823.2999,7989.0801,3922.4983,83.5423,1419.6,16.368,9519.1455
2019-07-30,3013.1799,13535.7366,7952.4702,3858.6729,83.003,1429.7,16.495,9607.4238
2019-07-31,2980.3799,13600.4992,7848.7798,3868.3023,82.5626,1426.1,16.346,10085.6279
2019-08-01,2953.5601,13566.3758,7801.1499,3868.3023,81.6459,1420.9,16.121,10399.6689
2019-08-02,2932.05,13153.31,7692.7998,3740.3561,80.9987,1445.6,16.222,10518.1748
2019-08-05,2844.74,12950.3022,7415.6899,3677.7893,78.9225,1464.6,16.345,11805.6533
2019-08-06,2881.77,13006.7689,7521.3198,3701.0726,79.6146,1472.4,16.405,11478.1689
2019-08-07,2883.98,13056.3152,7551.8999,3709.5034,80.055,1507.3,17.156,11941.9688
2019-08-08,2938.0901,13272.0192,7724.8301,3781.8958,81.1785,1497.7,16.901,11966.4072
2019-08-09,2918.6499,13082.0688,7646.27,3729.5162,80.7381,1496.6,16.897,11862.9365
2019-08-12,2882.7,13091.1686,7561.6802,3728.5635,79.7135,1505.3,17.039,11382.6162
2019-08-13,2926.3201,13181.6579,7728.1499,3766.1655,80.81,1502.2,16.956,10895.8301
2019-08-14,2840.6001,12845.4104,7490.1299,3675.7983,78.554,1515.9,17.253,10051.7041
2019-08-15,2847.6001,12717.4838,7484.8901,3658.1012,78.7338,1519.6,17.188,10311.5459
2019-08-16,2888.6799,12850.3444,7604.1099,3699.7999,79.5427,1512.5,17.096,10374.3389
2019-08-19,2923.6499,12996.8602,7719.3198,3737.73,80.3516,1500.4,16.914,10916.0537
2019-08-20,2900.51,12913.1854,7664.4702,3713.1125,79.9112,1504.6,17.122,10763.2324
2019-08-21,2924.4299,13098.5589,7733.2202,3767.5787,80.6302,1504.6,17.125,10138.0498
2019-08-22,2922.95,13028.3815,7707.4302,3741.6625,80.3876,1497.3,17.014,10131.0557
2019-08-23,2847.1101,12870.2167,7464.9902,3695.6882,78.6619,1526.6,17.395,10407.9648
2019-08-26,2878.3799,12990.6181,7575.02,3731.6309,79.4888,1526.3,17.624,10370.8203
2019-08-27,2869.1599,13024.672,7566.0298,3742.4717,79.309,1541.0,18.139,10185.5
2019-08-28,2887.9399,12976.4777,7587.8999,3732.2198,79.6146,1537.8,18.304,9754.4229
2019-08-29,2924.5801,13124.4159,7702.3101,3781.7526,80.5494,1526.5,18.167,9510.2002
2019-08-30,2926.46,13207.169,7691.0,3790.6639,80.7471,1519.1,18.185,9598.1738
2019-09-02,2926.46,13139.3432,7691.0,3772.9756,80.7471,1519.1,18.185,10346.7607
2019-09-03,2906.27,13064.4518,7609.5098,3752.0457,80.2528,1545.9,19.079,10623.54
2019-09-04,2937.78,13196.9277,7719.25,3787.1271,81.2055,1550.3,19.391,10594.4932
2019-09-05,2976.0,13381.866,7862.54,3845.356,82.1222,1515.4,18.656,10575.5332
2019-09-06,2978.71,13455.1719,7852.54,3857.4,82.2571,1506.2,17.968,10353.3027
2019-09-09,2978.4299,13473.9196,7832.3999,3851.7287,82.284,1502.2,18.019,10334.9746
2019-09-10,2979.3899,13554.9386,7814.7402,3865.8176,82.4907,1490.3,18.041,10115.9756
2019-09-11,3000.9299,13657.1855,7887.5801,3886.2036,82.7604,1494.4,18.031,10178.3721
2019-09-12,3009.5701,13667.9764,7917.3398,3897.5086,83.2008,1498.7,18.041,10410.127
2019-09-13,3007.3899,13788.046,7892.9502,3925.8101,83.1828,1490.9,17.436,10360.5469
2019-09-16,2997.96,13721.5956,7852.4102,3899.6397,82.9491,1503.1,17.901,10276.7939
2019-09-17,3005.7,13617.2257,7888.79,3875.4791,83.2277,1505.1,18.016,10241.2725
2019-09-18,3006.73,13721.1168,7888.5601,3907.194,83.2817,1507.5,17.795,10198.248
2019-09-19,3006.79,13742.6364,7901.79,3919.0842,83.3805,1498.4,17.773,10266.415
2019-09-20,2992.0701,13775.2842,7823.5498,3945.8512,83.03,1507.3,17.738,10181.6416
2019-09-23,2991.78,13600.0648,7818.6099,3897.4019,82.8862,1523.7,18.6,9729.3242
2019-09-24,2966.6001,13530.1398,7710.04,3883.0379,82.3919,1532.1,18.517,8620.5664
2019-09-25,2984.8701,13478.2187,7803.54,3870.2543,82.6255,1504.6,17.962,8486.9932
2019-09-26,2977.6201,13459.5187,7771.9902,3868.7624,82.6705,1507.5,17.801,8118.9678
2019-09-27,2961.79,13523.3964,7681.5801,3873.0773,82.311,1499.1,17.552,8251.8457
2019-09-30,2976.74,13599.6929,7749.4502,3905.9471,82.4907,1465.7,16.898,8293.8682
2019-10-01,2940.25,13367.1541,7684.1401,3834.7718,81.6279,1482.0,17.202,8343.2764
2019-10-02,2887.6101,13040.1857,7550.79,3732.433,80.0101,1501.0,17.592,8393.042
2019-10-03,2910.6299,13040.1857,7638.3901,3746.7053,80.801,1507.1,17.585,8259.9922
2019-10-04,2952.01,13184.5178,7754.1001,3782.896,81.6009,1506.2,17.54,8205.9395
2019-10-07,2938.79,13290.9577,7725.1299,3813.7113,81.556,1497.7,17.457,8245.623
2019-10-08,2893.0601,13133.8596,7604.27,3766.469,80.3876,1497.2,17.617,8228.7832
2019-10-09,2919.3999,13255.4365,7690.5298,3794.5093,80.8729,1506.1,17.728,8595.7402
2019-10-10,2938.1299,13365.7847,7740.3599,3839.0947,81.583,1494.8,17.52,8586.4736
2019-10-11,2970.27,13776.6196,7843.8799,3930.8506,82.6435,1482.7,17.462,8321.7568
2019-10-14,2966.1499,13772.6802,7842.3301,3922.5562,82.4997,1491.7,17.634,8374.6865
2019-10-15,2995.6799,13929.4033,7942.8501,3968.9532,83.3266,1477.6,17.308,8205.3691
2019-10-16,2989.6899,13981.121,7920.21,3971.6742,83.1469,1488.0,17.351,8047.5269
2019-10-17,2997.95,14015.2723,7942.1401,3974.3727,83.6412,1492.3,17.536,8103.9111
2019-10-18,2986.2,14057.638,7868.4902,3982.8751,83.2727,1488.2,17.502,7973.2075
2019-10-21,3006.72,14221.2851,7940.3301,4016.1536,83.767,1482.4,17.526,8243.7207
2019-10-22,2995.99,14223.7166,7874.6201,4020.0065,83.3985,1481.7,17.437,8078.2031
2019-10-23,3004.52,14243.4756,7889.4702,4014.2119,83.803,1489.9,17.517,7514.6719
2019-10-24,3010.29,14329.7178,7966.7202,4031.4489,84.0277,1498.9,17.739,7493.4888
2019-10-25,3022.55,14318.0063,8029.2202,4024.8285,84.2344,1499.5,17.861,8660.7002
2019-10-28,3039.4199,14344.9306,8110.6699,4018.8098,84.5759,1490.0,17.816,9256.1484
2019-10-29,3036.8899,14361.8772,8047.5098,4020.2118,84.6748,1487.0,17.771,9427.6875
2019-10-30,3046.77,14349.4845,8083.1099,4023.886,84.9894,1493.2,17.815,9205.7266
2019-10-31,3037.5601,14352.2475,8083.8301,4020.5353,84.5939,1511.4,18.014,9199.585
2019-11-01,3066.9099,14460.7762,8161.1699,4043.0439,85.4837,1508.0,18.004,9261.1045
2019-11-04,3078.27,14668.7211,8210.6602,4092.7829,85.7623,1508.0,18.014,9412.6123
2019-11-05,3074.6201,14632.3687,8210.1797,4091.4322,85.7893,1480.8,17.516,9342.5273
2019-11-06,3076.78,14595.6698,8196.0303,4084.9834,85.8163,1490.2,17.558,9360.8799
2019-11-07,3085.1799,14711.9596,8219.6504,4103.4418,85.978,1464.2,16.97,9267.5615
2019-11-08,3093.0801,14577.4721,8255.8896,4076.9022,86.0679,1461.3,16.783,8804.8809
2019-11-11,3087.01,14547.8277,8241.9102,4074.7987,86.014,1455.5,16.762,8757.7881
2019-11-12,3091.8401,14658.9596,8263.79,4096.5822,86.1488,1452.1,16.677,8815.6621
2019-11-13,3094.04,14569.439,8259.8096,4074.0252,86.1039,1461.7,16.898,8808.2627
2019-11-14,3096.6299,14515.6722,8257.8301,4062.5661,85.987,1471.8,17.013,8708.0947
2019-11-15,3120.46,14593.0683,8315.5195,4090.3793,86.715,1467.3,16.933,8491.9922
2019-11-18,3122.03,14600.4797,8328.4805,4095.8256,86.6341,1470.9,16.985,8309.2861
2019-11-19,3120.1799,14638.8974,8338.7402,4092.9636,86.706,1473.3,17.103,8206.1455
2019-11-20,3108.46,14579.2208,8283.75,4081.7395,86.2926,1473.3,17.1,8027.2681
2019-11-21,3103.54,14555.0736,8265.6201,4076.6435,86.0769,1463.1,17.05,7642.75
2019-11-22,3110.29,14566.9696,8272.0498,4080.338,86.2567,1463.1,16.985,7296.5776
2019-11-25,3133.6399,14600.9832,8371.9297,4086.8136,86.9397,1456.6,16.871,7146.1338
2019-11-26,3140.52,14579.1612,8385.75,4081.4519,87.0116,1459.8,17.03,7218.3711
2019-11-27,3153.6299,14645.7569,8444.71,4092.5124,87.497,1453.4,16.912,7531.6636
2019-11-28,3153.6299,14576.5665,8444.71,4076.7259,87.497,1453.4,16.912,7463.106
2019-11-29,3140.98,14575.5857,8403.6797,4078.294,86.9667,1465.6,16.969,7761.2437
2019-12-02,3113.8701,14285.8344,8309.2598,3996.2316,86.4184,1462.3,16.836,7321.9883
2019-12-03,3093.2,14390.971,8254.7402,4000.6538,85.9331,1478.2,17.125,7320.1455
2019-12-04,3112.76,14566.6449,8296.5303,4057.2221,86.5173,1474.0,16.797,7252.0347
2019-12-05,3117.4299,14468.6794,8308.4004,4043.2349,86.6251,1476.9,16.942,7448.3076
2019-12-06,3145.9099,14622.0598,8397.3701,4100.5042,87.2723,1459.1,16.481,7546.9966
2019-12-09,3135.96,14493.3483,8362.7402,4061.0228,86.9577,1459.3,16.532,7400.8994
2019-12-10,3132.52,14462.744,8354.29,4062.8225,86.9218,1462.6,16.596,7278.1196
2019-12-11,3141.6299,14583.3454,8402.6104,4090.3947,87.3172,1469.4,16.744,7217.4272
2019-12-12,3168.5701,14723.429,8466.8896,4127.3385,87.8565,1466.7,16.845,7243.1343
2019-12-13,3168.8,14858.1264,8487.71,4173.5964,88.2519,1475.6,16.912,7269.6846
2019-12-16,3191.45,14915.2988,8570.3301,4196.9698,88.9641,1475.0,17.019,6932.4805
2019-12-17,3192.52,14798.6219,8575.7002,4171.1087,88.701,1474.6,16.978,6640.5151
2019-12-18,3191.1399,14744.5339,8580.6201,4169.5012,88.6466,1472.6,16.953,7276.8027
2019-12-19,3205.3701,14686.3192,8641.29,4156.4342,88.946,1478.2,17.058,7202.8442
2019-12-20,3221.22,14818.5367,8678.4902,4201.7803,89.3724,1474.7,17.128,7218.8164
2019-12-23,3224.01,14737.2744,8696.0098,4184.479,89.3452,1482.5,17.403,7355.6284
2019-12-24,3223.3799,14737.2744,8699.5098,4184.479,89.3906,1499.1,17.757,7322.5322
2019-12-26,3239.9099,14737.2744,8778.3096,4184.479,89.7262,1509.3,17.894,7238.9668
2019-12-27,3240.02,14805.6856,8770.9805,4198.7432,89.8805,1513.8,17.849,7290.0884
2019-12-30,3221.29,14815.4463,8709.7305,4191.6533,89.2091,1514.5,17.908,7292.9951
2019-12-31,3230.78,14815.4463,8733.0703,4191.6533,89.6174,1519.5,17.828,7193.5991
2020-01-02,3257.8501,15020.1187,8872.2197,4191.6533,90.2978,1524.5,17.966,6985.4702
2020-01-03,3234.8501,14767.6792,8793.9004,4215.3968,89.5357,1549.2,18.068,7344.8843
2020-01-06,3246.28,14652.2945,8848.5195,4188.548,90.0438,1566.2,18.097,7769.2192
2020-01-07,3237.1799,14811.3976,8846.4502,4209.6063,89.8079,1571.8,18.316,8163.6924
2020-01-08,3253.05,14858.3123,8912.3701,4208.1922,90.0619,1557.4,18.088,8079.8628
2020-01-09,3274.7,14997.3443,8989.6299,4218.4414,90.579,1551.7,17.86,7879.0713
2020-01-10,3265.3501,14981.4558,8966.6396,4210.578,90.2162,1557.5,18.033,8166.5542
2020-01-13,3288.1299,14953.6093,9070.6504,4201.7451,90.7968,1548.4,17.926,8144.1943
2020-01-14,3283.1499,14984.7884,9033.4199,4203.6055,90.6153,1542.4,17.674,8827.7646
2020-01-15,3289.29,14951.3575,9035.6699,4195.1913,90.7423,1552.1,17.923,8807.0107
2020-01-16,3316.8101,14979.1917,9125.0,4209.6773,91.4681,1549.0,17.875,8723.7861
2020-01-17,3329.6201,15067.539,9173.7305,4242.2413,91.7766,1558.8,18.013,8929.0381
2020-01-20,3329.6201,15031.9977,9173.7305,4214.8691,91.7766,1558.8,18.013,8657.6426
2020-01-21,3320.79,15042.8565,9166.6299,4204.7607,91.2958,1556.4,17.751,8745.8945
2020-01-22,3321.75,14983.0387,9188.5801,4179.0437,91.4591,1555.3,17.771,8680.876
2020-01-23,3325.54,14856.379,9216.9805,4146.5731,91.3865,1564.6,17.773,8406.5156
2020-01-24,3295.47,15009.3186,9141.4697,4177.9446,90.7786,1571.1,18.057,8445.4346
2020-01-27,3243.6299,14558.7317,8952.1797,4054.9505,89.2272,1576.8,18.0,8909.8193
2020-01-28,3276.24,14682.4003,9090.9297,4098.4948,90.0528,1569.2,17.402,9358.5898
2020-01-29,3273.3999,14709.6103,9101.6104,4118.4265,90.0801,1569.8,17.431,9316.6299
2020-01-30,3283.6599,14495.0088,9136.0898,4066.0789,90.2162,1583.5,17.952,9508.9932
2020-01-31,3225.52,14317.9804,8991.5098,4015.6061,88.6648,1582.9,17.972,9350.5293
2020-02-03,3248.9199,14466.8483,9126.2305,4060.2733,89.1456,1577.2,17.64,9293.5215
2020-02-04,3297.5901,14693.491,9334.0596,4128.9938,90.7333,1550.4,17.528,9180.9629
2020-02-05,3334.6899,14889.8916,9367.4805,4173.4866,91.577,1557.8,17.569,9613.4238
2020-02-06,3345.78,14935.4388,9445.9199,4186.9513,91.9036,1565.1,17.789,9729.8018
2020-02-07,3327.71,14842.1846,9401.0996,4171.8724,91.2958,1568.6,17.665,9795.9434
2020-02-10,3352.0901,14775.0257,9516.8398,4153.2685,91.7584,1574.7,17.758,9856.6113
2020-02-11,3357.75,14872.684,9517.8604,4175.314,92.1849,1565.6,17.573,10208.2363
2020-02-12,3379.45,15013.9554,9613.2002,4208.8119,92.6476,1567.4,17.478,10326.0547
2020-02-13,3373.9399,14949.4588,9595.7002,4183.6947,92.3482,1575.1,17.6,10214.3799
2020-02-14,3380.1599,14906.9517,9623.5801,4165.9109,92.4661,1582.7,17.715,10312.1162
2020-02-17,3380.1599,14944.1534,9623.5801,4177.6204,92.4661,1582.7,17.715,9690.1426
2020-02-18,3370.29,14830.5587,9629.7998,4158.851,92.203,1600.0,18.131,10141.9961
2020-02-19,3386.1499,14885.7838,9718.7305,4172.6182,92.5659,1607.5,18.292,9633.3867
2020-02-20,3373.23,14770.9188,9627.8301,4132.6791,92.1758,1616.6,18.309,9608.4756
2020-02-21,3337.75,14649.3792,9446.6904,4099.8492,91.5316,1644.6,18.521,9686.4414
2020-02-24,3225.8899,14128.9634,9079.6299,3954.0641,88.3563,1672.4,18.868,9650.1748
2020-02-25,3128.21,13876.6578,8834.8701,3875.8873,85.9884,1646.9,18.183,9341.7051
2020-02-26,3116.3899,13901.6194,8873.7598,3893.2299,85.7344,1640.0,17.826,8820.5225
2020-02-27,2978.76,13463.0862,8436.6699,3762.0779,82.5318,1640.0,17.658,8784.4941
2020-02-28,2954.22,13076.0893,8461.8301,3661.5163,81.3524,1564.1,16.387,8672.4551
2020-03-02,3090.23,13104.5016,8877.9805,3689.8451,84.5822,1592.3,16.679,8869.6699
2020-03-03,3003.3701,13356.5757,8594.4902,3757.7395,82.6769,1642.1,17.129,8787.7861
2020-03-04,3130.1201,13559.5823,8949.2803,3824.4187,85.8251,1641.1,17.187,8755.2461
2020-03-05,3023.9399,13305.3223,8671.6602,3746.7197,83.2213,1666.4,17.342,9078.7627
2020-03-06,2972.3701,12954.4208,8530.3398,3627.6267,81.9239,1670.8,17.214,9122.5459
2020-03-09,2746.5601,12097.6687,7948.0298,3369.2032,75.1378,1674.5,17.001,7923.6445
2020-03-10,2882.23,11939.9221,8372.2695,3316.8292,78.5218,1659.1,16.906,7909.7295
2020-03-11,2741.3799,11812.9378,8006.1201,3288.0787,74.6116,1641.4,16.729,7911.4302
2020-03-12,2480.6399,10316.8207,7263.6499,2866.3147,66.8274,1589.3,15.961,4970.7881
2020-03-13,2711.02,10326.0188,7995.2598,2892.4458,72.2437,1515.7,14.456,5563.707
2020-03-16,2386.1299,9752.2954,7020.3799,2733.4763,64.0241,1485.9,12.772,5014.48
2020-03-17,2529.1899,9978.9011,7473.9502,2824.8493,67.653,1524.9,12.469,5225.6294
2020-03-18,2398.1001,9298.9836,7175.1802,2628.1052,63.888,1477.3,11.735,5238.4385
2020-03-19,2409.3899,9438.3629,7288.52,2690.0514,64.3688,1478.6,12.097,6191.1929
2020-03-20,2304.9199,9515.8903,6994.29,2716.0244,62.264,1484.0,12.349,6198.7783
2020-03-23,2237.3999,9348.1245,7006.9199,2658.1327,61.139,1567.0,13.225,6416.3149
2020-03-24,2447.3301,10442.2864,7553.8301,2922.7103,66.7004,1660.2,14.229,6734.8037
2020-03-25,2475.5601,10666.8035,7469.6201,3024.8892,67.898,1632.3,14.837,6681.063
2020-03-26,2630.0701,10890.6149,7897.1299,3101.1099,71.6903,1650.1,14.64,6716.4404
2020-03-27,2541.47,10642.2566,7588.3701,3014.683,69.5129,1623.9,14.498,6469.7983
2020-03-30,2626.6499,10934.0901,7889.0098,3080.6472,71.3364,1622.0,14.074,6429.8418
2020-03-31,2584.5901,10959.6949,7813.5,3074.0806,70.7014,1583.4,14.098,6438.6445
2020-04-01,2470.5,10524.5896,7486.29,2955.4528,67.4988,1578.2,13.926,6606.7764
2020-04-02,2526.8999,10483.5147,7635.6602,2944.8703,68.8869,1625.7,14.596,6793.6245
2020-04-03,2488.6499,10332.9825,7528.1099,2888.6516,67.8345,1633.7,14.436,6733.3872
2020-04-06,2663.6799,10888.1909,8081.6602,3021.5922,72.1167,1677.0,15.111,7271.7812
2020-04-07,2659.4099,11189.1751,8049.3101,3087.3703,72.2437,1664.8,15.422,7176.4146
2020-04-08,2749.98,11257.833,8229.54,3106.5,73.9674,1665.4,15.147,7334.0986
2020-04-09,2789.8201,11477.1765,8238.5303,3142.6293,75.3192,1736.2,15.995,7302.0894
2020-04-13,2761.6299,11477.1765,8332.7402,3142.6293,74.6842,1744.8,15.479,6845.0376
2020-04-14,2846.0601,11683.845,8692.1602,3187.0455,76.5621,1756.7,16.072,6842.4277
2020-04-15,2783.3601,11292.7157,8591.96,3084.9168,74.8293,1727.2,15.447,6642.1099
2020-04-16,2799.55,11233.9338,8757.8301,3066.8963,75.0289,1720.4,15.564,7116.8042
2020-04-17,2874.5601,11537.9731,8832.4102,3136.2523,76.9976,1689.2,15.237,7096.1846
2020-04-20,2823.1599,11601.4649,8726.5098,3161.7438,75.8999,1701.6,15.556,6881.9585
2020-04-21,2736.5601,11136.2984,8403.0,3032.7466,73.8132,1678.2,14.818,6880.3232
2020-04-22,2799.3101,11307.0438,8664.6396,3077.6999,75.2739,1728.7,15.277,7117.2075
2020-04-23,2797.8,11365.0307,8641.5,3083.4071,75.2376,1733.3,15.348,7429.7246
2020-04-24,2836.74,11139.2276,8786.5996,3027.3412,76.0722,1723.5,15.254,7550.9009
2020-04-27,2878.48,11538.035,8837.6602,3119.4828,77.2154,1711.9,15.201,7795.6011
2020-04-28,2863.3899,11686.1121,8677.5996,3173.9123,77.2607,1710.5,15.162,7807.0586
2020-04-29,2939.51,12036.9966,8982.7598,3246.7275,79.302,1703.4,15.16,8801.0381
2020-04-30,2912.4299,11814.4775,9000.5098,3184.7827,78.3494,1684.2,14.898,8658.5537
2020-05-01,2830.71,11814.4775,8718.1797,3184.7827,76.3263,1694.5,14.863,8864.7666
2020-05-04,2842.74,11471.2203,8834.1104,3086.7565,76.4805,1706.9,14.722,8912.6543
2020-05-05,2868.4399,11699.7176,8930.6201,3135.9764,76.8978,1704.4,15.057,9003.0703
2020-05-06,2848.4199,11495.6163,8984.8604,3082.2324,76.3898,1684.2,14.987,9268.7617
2020-05-07,2881.1899,11618.4545,9101.8799,3110.6313,77.3968,1721.8,15.562,9951.5186
2020-05-08,2929.8,11817.372,9220.3496,3151.5687,78.9391,1709.9,15.74,9842.666
2020-05-11,2930.1899,11733.7706,9298.9199,3125.8468,78.9845,1695.3,15.636,8601.7959
2020-05-12,2870.1201,11695.2394,9112.4502,3117.6495,77.5057,1704.4,15.687,8804.4775
2020-05-13,2820.0,11435.4235,9000.0801,3048.5503,76.299,1713.9,15.663,9269.9873
2020-05-14,2852.5,11188.4618,9094.4199,2987.5853,76.6619,1738.1,16.136,9733.7217
2020-05-15,2863.7,11309.6621,9152.6396,2994.283,76.9976,1753.4,17.046,9328.1973
2020-05-18,2953.9099,11967.1794,9331.9297,3151.0442,79.4835,1731.8,17.464,9726.5752
2020-05-19,2922.9399,12088.8169,9298.54,3168.2023,78.6307,1744.2,17.892,9729.0381
2020-05-20,2971.6101,12265.0096,9485.0195,3215.3753,80.0732,1750.6,18.002,9522.9814
2020-05-21,2948.51,12153.684,9377.9902,3215.3753,79.3292,1720.5,17.335,9081.7617
2020-05-22,2955.45,12129.1026,9413.9902,3182.3331,79.3474,1734.6,17.664,9182.5771
2020-05-25,2955.45,12425.3823,9413.9902,3241.0897,79.3474,1734.6,17.664,8906.9346
2020-05-26,2991.77,12543.5172,9389.9805,3270.0487,80.8262,1704.8,17.565,8835.0527
2020-05-27,3036.1299,12802.2084,9442.0498,3350.6262,81.9965,1710.3,17.686,9181.0176
2020-05-28,3029.73,12979.1002,9416.71,3409.1328,82.1508,1713.3,17.895,9525.751
2020-05-29,3044.3101,12837.1925,9555.5303,3379.3486,82.2868,1736.9,18.44,9439.124
2020-06-01,3055.73,12837.1925,9598.8896,3379.3486,83.1578,1737.8,18.768,10167.2686
2020-06-02,3080.8201,13374.8116,9657.3096,3514.7086,83.9017,1725.2,18.207,9529.8037
2020-06-03,3122.8701,13972.6531,9704.6904,3658.4872,85.2354,1697.8,17.921,9656.7178
2020-06-04,3112.3501,13966.9205,9629.6602,3664.7976,84.9088,1718.9,18.024,9800.6367
2020-06-05,3193.9299,14566.5296,9824.3896,3837.0634,86.8503,1676.2,17.443,9665.5332
2020-06-08,3232.3899,14511.1549,9901.5195,3810.4773,87.9117,1698.3,17.868,9771.4893
2020-06-09,3207.1799,14265.3534,9967.1699,3754.2509,87.0952,1714.7,17.774,9795.7002
2020-06-10,3190.1399,14199.447,10094.2598,3732.503,86.7777,1713.3,17.776,9870.0947
2020-06-11,3002.1001,13604.7669,9588.4805,3573.9437,81.8514,1732.0,17.869,9321.7812
2020-06-12,3041.3101,13488.4463,9663.7803,3559.9678,83.0399,1729.3,17.462,9480.8438
2020-06-15,3066.5901,13402.6638,9776.8896,3529.0806,83.7079,1720.3,17.379,9450.7021
2020-06-16,3124.74,13963.1758,9949.3701,3676.4323,85.1009,1729.6,17.632,9538.0244
2020-06-17,3113.49,13949.3484,9982.4805,3680.7975,85.0185,1729.2,17.757,9480.2549
2020-06-18,3115.3401,13808.0045,10012.0498,3653.8307,84.9543,1724.8,17.493,9411.8408
2020-06-19,3097.74,13824.0156,10008.6396,3664.9883,84.5236,1745.9,17.832,9288.0186
2020-06-22,3117.8601,13707.0023,10130.3301,3623.4169,85.2201,1756.7,17.887,9648.7178
2020-06-23,3131.29,14126.3997,10209.8203,3720.9746,85.5958,1772.1,18.051,9629.6582
2020-06-24,3050.3301,13681.083,10002.7002,3615.5614,83.3872,1765.8,17.658,9313.6104
2020-06-25,3083.76,13701.1665,10101.8301,3621.5545,84.4411,1762.1,17.883,9264.8135
2020-06-26,3009.05,13566.8155,9849.3604,3595.7466,82.6265,1772.5,18.023,9162.918
2020-06-29,3053.24,13731.6128,9961.1602,3628.222,83.6255,1774.8,17.98,9190.8545
2020-06-30,3100.29,13846.3515,10156.8496,3637.424,84.4411,1793.0,18.541,9137.9932
2020-07-01,3115.8601,13775.9213,10279.25,3627.4718,84.9177,1773.2,18.133,9228.3252
2020-07-02,3130.01,14186.255,10341.8896,3735.5589,85.5592,1784.0,18.244,9123.4102
2020-07-03,3130.01,14078.9792,10341.8896,3702.1744,85.5592,1784.0,18.244,9087.3037
2020-07-06,3179.72,14321.5689,10604.0596,3767.8465,86.8788,1788.5,18.504,9375.4746
2020-07-07,3145.3201,14273.2048,10524.0098,3757.6333,85.9715,1804.2,18.628,9252.2773
2020-07-08,3169.9399,14088.183,10666.7002,3705.1416,86.7047,1815.5,19.081,9428.333
2020-07-09,3152.05,14161.9913,10754.5898,3697.8909,86.1273,1799.2,18.882,9277.9678
2020-07-10,3185.04,14260.875,10836.3301,3720.7583,86.998,1798.2,18.983,9278.8076
2020-07-13,3155.22,14476.8197,10602.21,3788.8641,86.219,1811.0,19.709,9243.6143
2020-07-14,3197.52,14405.7853,10689.5195,3768.2816,87.4104,1810.6,19.451,9243.2139
2020-07-15,3226.5601,14755.1602,10701.6797,3854.7757,88.3268,1811.4,19.685,9192.8369
2020-07-16,3215.5701,14699.602,10626.46,3842.2853,87.9236,1798.7,19.497,9132.2275
2020-07-17,3224.73,14718.1707,10645.2197,3834.1309,88.2077,1808.3,19.685,9151.3926
2020-07-20,3251.8401,14929.5343,10952.0801,3877.263,88.895,1815.9,20.124,9164.2314
2020-07-21,3257.3,15093.1935,10833.0703,3902.0856,89.0691,1842.4,21.497,9374.8877
2020-07-22,3276.02,15114.4756,10870.75,3887.8432,89.4999,1864.1,23.083,9525.3633
2020-07-23,3235.6599,15158.9419,10580.5898,3900.6709,88.4918,1889.1,22.945,9581.0723
2020-07-24,3215.6299,14887.1228,10483.1299,3839.336,87.9419,1897.3,22.808,9536.8926
2020-07-27,3239.4099,14960.3353,10674.3799,3848.6567,88.785,1931.0,24.476,10990.873
2020-07-28,3218.4399,15106.1952,10532.5,3888.0509,88.2077,1944.7,24.266,10912.8232
2020-07-29,3258.4399,15026.1437,10662.9805,3867.3898,89.2341,1953.5,24.293,11100.4678
2020-07-30,3246.22,14586.7756,10715.5098,3780.1789,88.7026,1942.3,23.34,11111.2139
2020-07-31,3271.1201,14618.7349,10905.8799,3768.6336,88.5742,1962.8,24.189,11323.4668
2020-08-03,3294.6101,14901.0645,11055.0801,3827.2242,89.5274,1966.0,24.39,11246.3486
2020-08-04,3306.51,14822.8097,11096.54,3828.1263,89.9489,2001.2,26.012,11205.8926
2020-08-05,3327.77,14958.6463,11125.4404,3861.7356,90.4988,2031.1,26.877,11747.0225
2020-08-06,3349.1599,14949.8727,11267.0801,3847.2561,90.8745,2051.5,28.387,11779.7734
2020-08-07,3351.28,15053.301,11139.3896,3863.0045,90.5904,2010.1,27.533,11601.4727
2020-08-10,3360.47,14949.3709,11085.1699,3840.8273,90.8562,2024.4,29.249,11878.1113
2020-08-11,3333.6899,15196.7719,10876.0801,3911.1687,90.4805,1932.6,26.037,11410.5254
2020-08-12,3380.3501,15326.3111,11157.7197,3947.209,91.9559,1934.9,25.955,11584.9346
2020-08-13,3373.4299,15324.524,11178.3701,3942.4911,91.8643,1956.7,27.694,11784.1377
2020-08-14,3372.8501,15244.9441,11164.4502,3905.4318,91.6169,1937.0,26.065,11768.8711
2020-08-17,3381.99,15314.2823,11288.5703,3918.2767,92.2309,1985.0,27.643,12254.4023
2020-08-18,3389.78,15299.0016,11399.0303,3906.9356,92.35,1999.4,28.049,11991.2334
2020-08-19,3374.8501,15505.1317,11318.6396,3963.8459,91.9284,1958.7,27.315,11758.2832
2020-08-20,3385.51,15195.2107,11477.0498,3877.5382,92.1209,1933.8,27.122,11878.3721
2020-08-21,3397.1599,15156.4955,11555.1602,3870.5179,92.185,1934.6,26.707,11592.4893
2020-08-24,3431.28,15415.9277,11626.1699,3930.7929,93.1015,1927.7,26.588,11774.5957
2020-08-25,3443.6201,15405.5781,11721.8096,3927.2392,93.3948,1911.8,26.254,11366.1348
2020-08-26,3478.73,15610.5688,11971.9404,3972.732,94.247,1940.7,27.43,11488.3633
2020-08-27,3484.55,15509.6645,11926.1602,3944.8604,94.1279,1921.6,27.01,11323.3975
2020-08-28,3508.01,15404.7631,11995.8496,3918.8463,94.6869,1964.6,27.61,11542.5
2020-08-31,3500.3101,15428.6155,12110.7002,3900.2562,94.357,1967.6,28.437,11680.8203
2020-09-01,3526.6499,15489.977,12292.8604,3913.1079,95.1635,1968.2,28.486,11970.4785
2020-09-02,3580.8401,15790.4249,12420.54,3979.6947,96.2632,1934.4,27.249,11414.0342
2020-09-03,3455.0601,15470.0083,11771.3701,3914.628,93.3306,1927.6,26.735,10245.2969
2020-09-04,3426.96,15205.4327,11622.1299,3860.4684,92.6983,1923.9,26.576,10511.8135
2020-09-07,3426.96,15503.4734,11622.1299,3922.0227,92.6983,1923.9,26.576,10369.5635
2020-09-08,3331.8401,15330.8068,11068.2598,3862.596,90.5446,1933.0,26.864,10131.5166
2020-09-09,3398.96,15580.5202,11395.8496,3913.4064,92.2034,1944.7,26.955,10242.3477
2020-09-10,3339.1899,15594.9117,11154.1201,3911.1808,90.847,1954.2,27.163,10363.1387
2020-09-11,3340.97,15611.546,11087.4004,3920.7414,91.0853,1937.8,26.739,10400.915
2020-09-14,3383.54,15624.894,11277.7598,3927.9845,92.295,1953.1,27.229,10680.8379
2020-09-15,3401.2,15689.3747,11438.8701,3955.3928,92.8449,1956.3,27.346,10796.9512
2020-09-16,3385.49,15700.2066,11247.5996,3954.6598,92.5425,1960.2,27.355,10974.9053
2020-09-17,3357.01,15590.1377,11080.9502,3914.6967,91.9834,1940.0,26.985,10948.9902
2020-09-18,3319.47,15540.3961,10936.9805,3890.5817,91.1953,1952.1,27.028,10944.5859
2020-09-21,3281.0601,14857.1903,10980.2197,3744.314,89.674,1901.2,24.299,10462.2598
2020-09-22,3315.5701,14821.0779,11186.3701,3723.5481,90.2788,1898.6,24.442,10538.46
2020-09-23,3236.9199,14802.8543,10833.3301,3723.39,88.4826,1859.9,23.014,10246.1865
2020-09-24,3246.5901,14697.4261,10896.4697,3683.6802,88.6842,1868.3,23.118,10760.0664
2020-09-25,3298.46,14555.6004,11151.1299,3661.9665,89.7748,1857.7,23.017,10692.7168
2020-09-28,3351.6001,14975.7063,11364.4502,3750.2939,91.2228,1872.8,23.528,10709.6523
2020-09-29,3335.47,14979.0611,11322.9502,3753.9273,90.9203,1894.3,24.38,10844.6406
2020-09-30,3363.0,14983.7143,11418.0596,3749.9532,91.2044,1887.5,23.433,10784.4912
2020-10-01,3380.8,14928.2009,11583.2002,3745.4153,91.7635,1908.4,24.193,10619.4521
2020-10-02,3348.4199,14903.2093,11255.6904,3747.7301,91.0945,1900.2,23.971,10575.9746
2020-10-05,3408.6001,15035.3483,11509.0596,3774.2408,92.7257,1912.5,24.502,10793.3398
2020-10-06,3360.97,15219.3636,11291.2695,3812.8541,91.6169,1901.1,23.87,10604.4062
2020-10-07,3419.4399,15175.0903,11503.1904,3795.2836,92.8907,1883.6,23.848,10668.9688
2020-10-08,3446.8301,15347.3872,11550.9404,3831.2073,93.578,1888.6,23.837,10915.6855
2020-10-09,3477.1399,15357.3875,11725.8496,3851.4816,94.302,1919.5,25.069,11064.458
2020-10-12,3534.22,15525.4477,12088.1104,3897.3354,95.4934,1922.5,25.226,11555.3633
2020-10-13,3511.9299,15383.4217,12083.1699,3874.7369,94.916,1888.5,24.086,11425.8994
2020-10-14,3488.6699,15297.7937,11985.3604,3843.5473,94.3295,1901.3,24.364,11429.5068
2020-10-15,3483.3401,14919.2609,11898.5703,3749.4893,93.9355,1903.2,24.193,11495.3496
2020-10-16,3483.8101,15112.7282,11852.1699,3799.5153,94.0454,1900.8,24.369,11322.123
2020-10-19,3426.9199,15059.8791,11634.3496,3798.7631,92.9182,1906.4,24.657,11742.0371
2020-10-20,3443.1201,14989.9379,11677.8398,3798.835,93.3397,1910.4,24.937,11916.335
2020-10-21,3435.5601,14855.4867,11665.3701,3762.7171,92.964,1924.6,25.197,12823.6895
2020-10-22,3453.49,14868.4921,11662.9102,3759.3765,93.3397,1901.1,24.665,12965.8916
2020-10-23,3465.3899,14940.9848,11692.5703,3779.4611,93.7888,1902.0,24.627,12931.5391
2020-10-26,3400.97,14428.1079,11504.5195,3679.2495,92.0659,1902.7,24.376,13075.248
2020-10-27,3390.6799,14246.4049,11598.9502,3626.2078,91.6077,1908.8,24.526,13654.2188
2020-10-28,3271.03,13623.0375,11142.7598,3492.2696,88.6109,1876.2,23.324,13271.2852
2020-10-29,3310.1101,13626.1932,11350.7402,3477.6424,89.3716,1865.6,23.339,13437.8828
2020-10-30,3269.96,13496.4619,11052.9502,3454.8034,88.4643,1877.4,23.617,13546.5225
2020-11-02,3310.24,13724.0586,11084.7598,3515.3851,89.4999,1890.4,24.006,13550.4893
2020-11-03,3369.1599,14074.9574,11279.9102,3607.7775,91.4152,1908.5,24.305,13950.3008
2020-11-04,3443.4399,14496.0121,11777.0195,3718.1185,93.1381,1894.6,23.864,14133.707
2020-11-05,3510.45,14745.7401,12078.0703,3772.7144,95.1085,1945.3,25.171,15579.8486
2020-11-06,3509.4399,14748.3099,12091.3496,3786.3982,95.2368,1950.3,25.646,15565.8809
2020-11-09,3550.5,15575.0501,11830.3896,4053.0307,96.6756,1853.2,23.685,15332.3154
2020-11-10,3545.53,15568.4332,11624.29,4071.6973,96.8956,1875.4,24.446,15290.9023
2020-11-11,3572.6599,15619.9305,11892.9297,4097.9305,97.5737,1860.7,24.251,15701.3398
2020-11-12,3537.01,15376.764,11827.1396,4038.5216,96.5656,1872.6,24.29,16276.3438
2020-11-13,3585.1499,15434.9667,11937.8398,4051.0073,97.7662,1885.7,24.759,16317.8086
2020-11-16,3626.9099,15563.0173,12013.3799,4105.8136,98.9117,1887.3,24.786,16716.1113
2020-11-17,3609.53,15575.5622,11977.4902,4113.4237,98.646,1884.5,24.635,17645.4062
2020-11-18,3567.79,15662.2772,11894.71,4131.1291,97.8028,1873.5,24.433,17804.0059
2020-11-19,3581.8701,15504.0103,11985.4297,4089.7694,98.3985,1861.1,24.033,17817.0898
2020-11-20,3557.54,15589.2885,11906.4404,4114.8199,98.1144,1872.6,24.348,18621.3145
2020-11-23,3577.5901,15577.0894,11905.9404,4109.4087,98.481,1837.8,23.624,18364.1211
2020-11-24,3635.4099,15741.8768,12079.8096,4154.4056,100.039,1804.8,23.292,19107.4648
2020-11-25,3629.6499,15815.5422,12152.2197,4179.3407,99.9565,1805.7,23.356,18732.1211
2020-11-26,3629.6499,15837.5954,12152.2197,4185.0414,99.9565,1805.7,23.356,17150.623
2020-11-27,3638.3501,15890.7923,12258.21,4203.7136,100.4055,1781.9,22.553,17108.4023
2020-11-30,3621.6299,15911.46,12268.3203,4181.0805,99.8373,1775.7,22.534,19625.8359
2020-12-01,3662.45,15976.0045,12455.3301,4208.4881,100.9188,1814.1,24.033,18802.998
2020-12-02,3669.01,16074.9105,12456.4102,4251.7752,101.0196,1825.7,24.025,19201.0918
2020-12-03,3666.72,16055.3149,12467.1299,4260.8273,101.102,1836.8,24.087,19445.3984
2020-12-04,3699.1201,16152.4518,12528.4805,4298.6736,102.1101,1835.9,24.203,18699.7656
2020-12-07,3691.96,16086.2557,12596.4697,4278.9368,101.7344,1861.8,24.741,19191.6309
2020-12-08,3702.25,16084.4159,12635.7197,4270.9344,102.0643,1870.8,24.684,18321.1445
2020-12-09,3672.8201,16156.3041,12364.6396,4273.9738,101.4319,1834.6,23.93,18553.916
2020-12-10,3668.1001,16059.5854,12401.7402,4254.5116,101.5236,1833.6,24.031,18264.9922
2020-12-11,3663.46,15926.391,12375.4102,4233.3066,101.2395,1839.8,24.032,18058.9043
2020-12-14,3647.49,16044.1945,12462.21,4251.4962,101.234,1828.7,23.985,19246.6445
2020-12-15,3694.6201,16234.4125,12595.9199,4278.2339,102.3324,1852.3,24.581,19417.0762
2020-12-16,3701.1699,16488.5015,12668.1602,4306.269,102.5724,1856.1,24.985,21310.5977
2020-12-17,3722.48,16673.4784,12752.0596,4344.1139,103.3663,1887.2,26.1,22805.1621
2020-12-18,3709.4099,16714.7074,12738.1797,4348.0404,103.0524,1885.7,25.949,23137.9609
2020-12-21,3694.9199,16181.8495,12690.2598,4212.9516,102.3509,1879.2,26.278,22803.082
2020-12-22,3687.26,16419.6159,12717.5596,4279.8457,102.277,1866.6,25.434,23783.0293
2020-12-23,3690.01,16558.2839,12653.1396,4313.1727,102.5816,1874.7,25.824,23241.3457
2020-12-24,3703.0601,16558.2839,12711.0098,4313.1727,102.8678,1879.9,25.811,23735.9492
2020-12-28,3735.3601,16831.1804,12838.8604,4363.8219,103.477,1877.2,26.46,27084.8086
2020-12-29,3727.04,16821.1473,12843.4902,4377.6681,103.514,1879.7,26.138,27362.4375
2020-12-30,3732.04,16809.5538,12845.3604,4376.2517,103.6524,1891.0,26.488,28840.9531
2020-12-31,3756.0701,16809.5538,12888.2803,4376.2517,103.7632,1893.1,26.332,29001.7207
2021-01-04,3700.6499,16816.2144,12694.6602,4366.6263,103.0432,1944.7,27.284,31971.9141
2021-01-05,3726.8601,16724.9268,12802.3799,4346.6836,103.837,1952.7,27.571,33992.4297
2021-01-06,3748.1399,17087.5039,12623.3496,4441.7276,104.4647,1906.9,26.973,36824.3633
2021-01-07,3803.79,17238.3566,12939.5703,4470.4677,105.6648,1912.3,27.2,39371.043
2021-01-08,3824.6799,17240.8035,13105.2002,4473.003,106.4401,1834.1,24.582,40797.6094
2021-01-11,3799.6101,16983.5003,12902.4902,4412.162,105.4617,1849.6,25.239,35566.6562
2021-01-12,3801.1899,16933.8496,12892.0898,4392.6034,105.757,1842.9,25.384,33922.9609
2021-01-13,3809.8401,17018.8448,12973.6299,4415.3589,105.9232,1853.6,25.52,37316.3594
2021-01-14,3795.54,17013.7441,12898.6904,4428.8132,105.8401,1850.3,25.746,39187.3281
2021-01-15,3768.25,16753.8286,12803.9297,4373.9066,104.8155,1829.3,24.825,36825.3672
2021-01-18,3768.25,16712.3449,12803.9297,4347.7428,104.8155,1829.3,24.825,36630.0742
2021-01-19,3798.9099,16684.8544,12996.54,4342.2946,105.6648,1839.5,25.279,36069.8047
2021-01-20,3851.8501,16898.9682,13296.4502,4399.1746,106.9109,1865.9,25.734,35547.75
2021-01-21,3853.0701,16848.8083,13404.9902,4383.8595,106.8924,1865.3,25.822,30825.6992
2021-01-22,3841.47,16879.4793,13366.4004,4382.7978,106.477,1855.7,25.524,33005.7617
2021-01-25,3855.3601,16603.9328,13483.29,4323.9747,106.7263,1854.9,25.455,32366.3926
2021-01-26,3849.6201,16848.0383,13490.1904,4363.9378,106.5786,1850.7,25.529,32569.8496
2021-01-27,3750.77,16566.5559,13112.6504,4301.2964,104.0217,1844.9,25.376,30432.5469
2021-01-28,3787.3799,16542.7073,13201.5303,4305.8228,104.7417,1837.9,25.909,33466.0977
2021-01-29,3714.24,16280.6884,12925.3799,4219.5181,102.914,1847.3,26.9,34316.3867
2021-02-01,3773.8601,16515.1427,13248.9004,4280.7524,104.4647,1860.8,29.398,33537.1758
2021-02-02,3826.3101,16697.2326,13456.1201,4333.2166,105.7847,1830.5,26.384,35510.2891
2021-02-03,3830.1699,16774.7731,13402.3701,4345.7977,105.9232,1832.2,26.878,37472.0898
2021-02-04,3871.74,16931.9481,13560.8896,4385.9827,106.8463,1788.9,26.223,36926.0664
2021-02-05,3886.8301,16821.2991,13603.96,4374.7618,107.2617,1810.9,27.014,38144.3086
2021-02-08,3915.5901,16940.4677,13695.0195,4416.4901,108.1017,1831.9,27.57,46196.4648
2021-02-09,3911.23,16889.2571,13687.0801,4412.978,108.397,1835.3,27.396,46481.1055
2021-02-10,3909.8799,16886.7495,13655.2695,4421.822,108.2863,1840.6,27.074,44918.1836
2021-02-11,3916.3799,17019.2855,13734.3496,4450.5213,108.6555,1824.9,27.042,47909.332
2021-02-12,3934.8301,17044.6323,13807.7002,4483.3317,109.1817,1821.6,27.323,47504.8516
2021-02-15,3934.8301,17103.6441,13807.7002,4526.6321,109.1817,1821.6,27.323,47945.0586
2021-02-16,3932.5901,17063.4485,13773.7695,4520.9416,109.4401,1797.2,27.319,49199.8711
2021-02-17,3931.3301,16819.7606,13699.71,4474.0375,109.2555,1771.1,27.314,52149.0078
2021-02-18,3913.97,16730.9796,13637.5098,4434.9188,108.6832,1773.4,27.077,51679.7969
2021-02-19,3906.71,16920.4712,13580.7803,4490.2778,108.6832,1775.8,27.252,55888.1328
2021-02-22,3876.5,16916.3157,13223.7402,4486.5701,107.9724,1806.7,28.083,54207.3203
2021-02-23,3881.3701,16869.0322,13194.71,4488.4532,107.9632,1804.4,27.686,48824.4258
2021-02-24,3925.4299,16983.8377,13302.1904,4503.5727,108.8217,1796.4,27.857,49705.332
2021-02-25,3829.3401,16893.0492,12828.3096,4485.4915,106.5047,1774.4,27.637,47093.8516
2021-02-26,3811.1499,16764.7083,12909.4404,4422.0639,105.4801,1728.1,26.402,46339.7617
2021-03-01,3901.8201,16940.8832,13282.9502,4481.1406,107.8894,1722.5,26.647,49631.2422
2021-03-02,3870.29,16919.4975,13059.9502,4468.2089,107.474,1733.1,26.85,48378.9883
2021-03-03,3819.72,17016.3749,12683.3301,4487.0683,105.9878,1715.3,26.357,50538.2422
2021-03-04,3768.47,16938.8184,12464.0,4464.5892,104.714,1700.2,25.434,48561.168
2021-03-05,3841.9399,16659.9138,12668.5098,4391.6084,106.2001,1698.0,25.257,48927.3047
2021-03-08,3821.3501,17150.1439,12299.0801,4487.9014,105.674,1677.7,25.24,52246.5234
2021-03-09,3875.4399,17111.4301,12794.4902,4487.1172,107.317,1716.6,26.148,54824.1172
2021-03-10,3898.8101,17299.8529,12752.0703,4544.9048,107.9263,1721.5,26.102,56008.5508
2021-03-11,3939.3401,17375.5394,13052.9004,4586.3326,108.9324,1722.3,26.162,57805.1211
2021-03-12,3943.3401,17382.7033,12937.29,4594.7022,109.0247,1719.5,25.88,57332.0898
2021-03-15,3968.9399,17281.3976,13082.54,4576.6591,109.5048,1728.9,26.253,55907.1992
2021-03-16,3962.71,17361.0404,13152.2803,4592.5677,109.6524,1730.6,25.974,56804.9023
2021-03-17,3974.1201,17372.3684,13202.3799,4581.8241,110.0401,1726.8,26.03,58870.8945
2021-03-18,3915.46,17705.1986,12789.1396,4634.393,108.5078,1732.2,26.321,57858.9219
2021-03-19,3913.1001,17425.6599,12866.9902,4573.0528,108.5447,1741.4,26.292,58346.6523
2021-03-22,3940.5901,17417.334,13086.5098,4555.797,109.0155,1737.8,25.741,54529.1445
2021-03-23,3910.52,17496.2335,13017.79,4566.7949,108.0001,1724.7,25.2,54738.9453
2021-03-24,3889.1399,17299.0011,12798.8799,4537.8179,107.4094,1732.9,25.201,52774.2656
2021-03-25,3909.52,17272.3147,12780.5098,4527.4417,108.0278,1724.9,25.022,51704.1602
2021-03-26,3974.54,17369.2687,12979.1201,4553.6425,109.3847,1732.2,25.092,55137.3125
2021-03-29,3971.0901,17467.1349,12965.7402,4577.1291,109.237,1712.1,24.747,57750.1992
2021-03-30,3958.55,17666.6451,12896.5303,4621.5325,108.9971,1683.9,24.121,58917.6914
2021-03-31,3972.8899,17595.1836,13091.4404,4594.7266,109.3755,1713.8,24.517,58918.832
2021-04-01,4019.8701,17718.9433,13329.5195,4628.1495,110.5663,1726.5,24.935,59095.8086
2021-04-05,4077.9099,17718.9433,13598.1602,4628.1495,112.0801,1727.0,24.763,59057.8789
2021-04-06,4073.9399,17979.7668,13578.46,4692.6134,111.8032,1741.5,25.212,58192.3594
2021-04-07,4079.95,18020.7574,13616.7002,4698.3592,111.8678,1740.1,25.233,56048.9375
2021-04-08,4097.1699,18051.1524,13758.5098,4723.1421,112.6432,1756.8,25.569,58323.9531
2021-04-09,4128.7998,18152.5453,13845.0596,4741.0605,113.1325,1743.3,25.311,58245.0039
2021-04-12,4127.9902,18106.629,13819.3496,4714.8637,113.0586,1731.2,24.853,59893.4531
2021-04-13,4141.5898,18151.2692,13986.4902,4726.5459,113.6401,1746.2,25.417,63503.457
2021-04-14,4124.6602,18181.2359,13803.9102,4753.302,113.2524,1734.9,25.515,63109.6953
2021-04-15,4170.4199,18285.1849,14026.1904,4786.5634,114.4709,1765.4,25.956,63314.0117
2021-04-16,4185.4702,18508.0211,14041.9102,4828.1935,114.8678,1779.0,26.099,61572.7891
2021-04-19,4163.2598,18395.1237,13907.6699,4811.6128,114.3971,1769.4,25.831,55724.2656
2021-04-20,4134.9399,18223.934,13809.2998,4746.3985,113.2709,1777.3,25.835,56473.0312
2021-04-21,4173.4199,18284.3865,13935.1504,4784.5723,114.2494,1792.3,26.565,53906.0898
2021-04-22,4134.98,18442.4591,13762.3604,4832.9161,113.4647,1781.2,26.174,51762.2734
2021-04-23,4180.1699,18358.0874,13941.4404,4821.9293,114.6647,1777.0,26.077,51093.6523
2021-04-26,4187.6201,18493.0486,14026.1602,4861.1241,114.8863,1779.2,26.211,54021.7539
2021-04-27,4186.7202,18423.6672,13960.2803,4847.0579,114.8032,1778.0,26.412,55033.1172
2021-04-28,4183.1802,18488.7118,13901.6201,4854.2938,114.8771,1773.2,26.081,54824.7031
2021-04-29,4211.4702,18391.0205,13970.2002,4850.6069,115.2463,1768.1,26.053,53555.1094
2021-04-30,4181.1699,18355.4573,13860.7598,4820.2037,114.1017,1767.3,25.853,57750.1758
2021-05-03,4192.6602,18326.0612,13799.7197,4811.405,114.7017,1791.4,26.943,57200.293
2021-05-04,4164.6602,17918.8047,13544.6699,4733.808,113.594,1775.8,26.539,53333.5391
2021-05-05,4167.5898,18227.7585,13503.3701,4809.3696,114.0463,1784.1,26.502,57424.0078
2021-05-06,4201.6201,18248.2049,13613.7305,4802.5168,114.9324,1815.5,27.462,56396.5156
2021-05-07,4232.6001,18585.1441,13719.6299,4868.7545,116.0586,1831.1,27.462,57356.4023
2021-05-10,4188.4302,18743.9571,13359.0801,4896.8502,115.0248,1837.5,27.479,55859.7969
2021-05-11,4152.1001,18356.7858,13351.2695,4790.8847,113.8248,1835.9,27.657,56704.5742
2021-05-12,4063.04,18399.1844,13001.6299,4793.9563,111.5447,1822.6,27.231,49150.5352
2021-05-13,4112.5,18358.9419,13109.1504,4793.9563,112.7909,1823.8,27.044,49716.1914
2021-05-14,4173.8501,18619.1299,13393.1201,4851.9806,114.6001,1837.9,27.353,49880.5352
2021-05-17,4163.29,18707.4684,13312.9102,4868.4603,114.194,1867.5,28.26,43537.5117
2021-05-18,4127.8301,18705.2696,13217.6797,4869.241,113.8432,1867.8,28.314,42909.4023
2021-05-19,4115.6802,18474.8109,13237.9102,4812.2698,113.2248,1881.3,28.008,37002.4414
2021-05-20,4159.1201,18709.9927,13494.0898,4869.0319,114.6186,1881.8,28.052,40782.7383
2021-05-21,4155.8599,18872.9533,13411.7402,4921.6719,114.6278,1876.7,27.473,37304.6914
2021-05-24,4197.0498,18872.9533,13641.75,4921.6719,115.6617,1884.6,27.887,38705.9805
2021-05-25,4188.1299,18890.0437,13657.7305,4929.8758,115.4401,1898.1,28.037,38402.2227
2021-05-26,4195.9902,18925.7304,13702.7402,4938.43,115.6063,1901.3,27.853,39294.1992
2021-05-27,4200.8799,18784.8025,13657.8496,4924.8451,115.7078,1895.7,27.919,38436.9688
2021-05-28,4204.1099,18923.805,13686.5098,4963.3107,115.9386,1902.5,27.993,35697.6055
2021-05-31,4204.1099,18798.4618,13686.5098,4924.1291,115.9386,1902.5,27.993,37332.8555
2021-06-01,4202.04,19043.3419,13654.5898,4980.9168,116.0586,1902.9,28.083,36684.9258
2021-06-02,4208.1201,19063.0316,13675.79,4995.2351,116.2617,1907.5,28.186,37575.1797
2021-06-03,4192.8501,19087.275,13529.6797,4980.6959,115.7817,1871.2,27.46,39208.7656
2021-06-04,4229.8901,19040.2071,13770.7695,4961.6475,116.8432,1889.8,27.879,36894.4062
2021-06-07,4226.52,19076.601,13802.8896,4986.1888,117.0371,1896.8,28.001,33560.707
2021-06-08,4227.2598,19071.5755,13810.8604,4994.5246,117.0463,1892.2,27.715,33472.6328
2021-06-09,4219.5498,18966.6937,13814.9404,4987.0358,116.8432,1893.2,27.985,37345.1211
2021-06-10,4239.1802,18968.8668,13960.3496,4989.8341,117.3056,1894.2,28.015,36702.5977
2021-06-11,4247.4399,19102.7238,13998.2998,5023.2499,117.6406,1877.4,28.131,37334.3984
2021-06-14,4255.1499,18981.0966,14128.2002,5004.7474,117.8453,1864.0,28.024,40218.4766
2021-06-15,4246.5898,19067.7012,14030.4102,5022.8744,117.6127,1854.5,27.679,40406.2695
2021-06-16,4223.7002,19052.353,13983.0098,5034.8772,116.9893,1859.5,27.8,38347.0625
2021-06-17,4221.8599,18866.262,14163.8096,4987.9328,116.7939,1773.8,25.844,38053.5039
2021-06-18,4166.4502,18403.8896,14049.5801,4864.6879,115.0075,1767.9,25.958,35787.2461
2021-06-21,4224.79,18526.7645,14137.2305,4882.8429,116.5613,1781.8,26.015,31676.6934
2021-06-22,4246.4399,18626.8746,14270.4199,4911.7039,116.9893,1776.3,25.848,32505.6602
2021-06-23,4241.8398,18449.8826,14274.2402,4865.3415,116.6916,1782.3,26.108,33723.0273
2021-06-24,4266.4902,18602.9002,14365.96,4919.3677,117.622,1775.6,26.047,34662.4375
2021-06-25,4280.7002,18620.8189,14345.1797,4916.0825,117.929,1776.6,26.082,31637.7793
2021-06-28,4290.6099,18575.0393,14524.9805,4884.233,117.8639,1779.6,26.218,34434.3359
2021-06-29,4291.7998,18717.1541,14572.75,4899.809,117.9569,1762.8,25.872,35867.7773
2021-06-30,4297.5,18484.9323,14554.7998,4837.3007,117.7615,1770.8,26.165,35040.8359
2021-07-01,4319.9399,18501.0789,14560.0498,4836.2461,118.2174,1775.9,26.075,33572.1172
2021-07-02,4352.3398,18539.4658,14727.6299,4838.3701,118.9431,1782.6,26.481,33897.0469
2021-07-05,4352.3398,18569.1568,14727.6299,4846.071,118.9431,1782.6,26.481,33746.0039
2021-07-06,4343.54,18402.3969,14786.3604,4808.0081,118.6082,1793.5,26.154,34235.1953
2021-07-07,4358.1299,18555.8813,14810.54,4822.6673,119.0455,1801.5,26.11,33855.3281
2021-07-08,4320.8198,18186.1754,14722.1396,4707.5237,117.715,1799.6,25.967,32877.3711
2021-07-09,4369.5498,18587.0652,14826.0898,4819.8747,119.2967,1810.0,26.211,33798.0117
2021-07-12,4384.6299,18748.0077,14877.8896,4860.0532,119.8084,1805.5,26.217,33155.8477
2021-07-13,4369.21,18734.7399,14874.54,4858.2817,119.1851,1809.4,26.115,32702.0254
2021-07-14,4374.2998,18592.1138,14900.4404,4827.3143,119.4642,1824.3,26.246,32822.3477
2021-07-15,4360.0298,18495.1063,14794.6904,4800.0636,118.8129,1828.4,26.375,31780.7305
2021-07-16,4327.1602,18355.9251,14681.3799,4766.9766,117.9476,1814.5,25.777,31421.5391
2021-07-19,4258.4902,17878.3708,14549.0898,4641.1675,116.1333,1808.7,25.126,30817.832
2021-07-20,4323.0601,17945.8302,14728.21,4666.0456,117.6127,1810.9,24.977,29807.3477
2021-07-21,4358.6899,18174.0511,14842.6299,4745.0859,118.8966,1802.9,25.238,32110.6934
2021-07-22,4367.48,18295.8783,14940.1699,4786.7282,119.0827,1805.0,25.365,32313.1055
2021-07-23,4411.79,18447.0457,15111.79,4837.5362,120.1992,1801.4,25.218,33581.5508
2021-07-26,4422.2998,18388.9012,15125.9502,4830.1565,120.2736,1798.7,25.295,37337.5352
2021-07-27,4401.46,18324.6309,14956.9697,4799.6577,119.8549,1799.5,24.632,39406.9414
2021-07-28,4400.6401,18409.0334,15018.0996,4851.0638,120.0689,1799.5,24.856,39995.9062
2021-07-29,4419.1499,18527.6314,15048.3604,4876.7076,120.6923,1831.2,25.764,40008.4219
2021-07-30,4395.2598,18486.938,14959.9004,4863.4033,119.8643,1812.6,25.528,42235.5469
2021-08-02,4387.1602,18475.4772,14963.6201,4885.2102,120.0503,1818.1,25.557,39201.9453
2021-08-03,4423.1499,18471.1143,15061.4199,4889.922,120.8412,1810.1,25.566,38152.9805
2021-08-04,4402.6602,18625.6739,15083.3896,4919.7626,120.4597,1810.5,25.446,39747.5039
2021-08-05,4429.1001,18637.5978,15181.6396,4925.6375,121.1947,1805.1,25.277,40869.5547
2021-08-06,4436.52,18654.812,15109.3604,4940.8689,120.9993,1760.0,24.312,42816.5
2021-08-09,4432.3501,18500.0697,15133.1104,4907.9423,121.018,1723.4,23.255,46365.4023
2021-08-10,4436.75,18512.3962,15053.5801,4915.8586,121.1575,1728.8,23.377,45585.0312
2021-08-11,4442.4102,18553.4474,15027.7598,4931.2196,121.5948,1750.4,23.474,45593.6367
2021-08-12,4460.8301,18713.6634,15088.9805,4962.5142,121.846,1749.0,23.105,44428.2891
2021-08-13,4468.0,18751.5424,15136.6797,4964.0869,122.2182,1775.2,23.768,47793.3203
2021-08-16,4479.71,18783.8862,15140.7695,4956.6426,122.1809,1786.9,23.78,46004.4844
2021-08-17,4448.0801,18755.9772,15002.8301,4943.338,121.2506,1785.0,23.648,44695.3594
2021-08-18,4400.27,18695.7338,14857.9199,4905.7014,120.255,1781.6,23.412,44801.1875
2021-08-19,4405.7998,18451.1969,14933.9404,4827.271,119.8084,1780.2,23.22,46717.5781
2021-08-20,4441.6699,18458.4085,15092.5703,4842.8679,120.6737,1781.0,23.105,49339.1758
2021-08-23,4479.5298,18543.8782,15312.8203,4885.3875,121.8181,1803.2,23.649,49546.1484
2021-08-24,4486.23,18680.6788,15357.6797,4906.9603,122.06,1805.6,23.89,47706.1172
2021-08-25,4496.1899,18641.1795,15368.9199,4914.1089,122.2554,1788.2,23.771,48960.7891
2021-08-26,4470.0,18596.0427,15278.5195,4909.7726,121.6041,1792.2,23.546,46942.2188
2021-08-27,4509.3701,18635.9625,15432.9502,4927.0866,122.6555,1816.6,24.06,49058.668
2021-08-30,4528.79,18745.4468,15605.0898,4954.1666,123.0183,1809.0,23.96,47054.9844
2021-08-31,4522.6802,18680.5047,15582.5098,4950.4651,122.8322,1815.0,23.96,47166.6875
2021-09-01,4524.0898,18688.9298,15611.5703,4992.5243,123.2323,1813.1,24.177,48847.0273
2021-09-02,4536.9502,18756.6938,15604.25,5011.19,123.6231,1808.7,23.875,49327.7227
2021-09-03,4535.4302,18742.5174,15652.8604,4990.4749,123.7906,1830.9,24.762,50025.375
2021-09-06,4535.4302,18936.8259,15652.8604,5046.9254,123.7906,1830.9,24.762,52633.5352
2021-09-07,4520.0298,18813.7863,15675.7598,5017.2303,123.4742,1795.9,24.334,46811.1289
2021-09-08,4514.0698,18488.1436,15620.8496,4947.2364,123.0835,1790.7,24.012,46091.3906
2021-09-09,4493.2798,18465.1601,15561.0498,4936.9686,122.6648,1797.4,24.133,46391.4219
2021-09-10,4458.5801,18460.0402,15440.75,4931.8238,121.967,1789.6,23.855,44883.9102
2021-09-13,4468.73,18546.4446,15434.5,4948.6532,122.3856,1792.0,23.753,44963.0742
2021-09-14,4443.0498,18571.9234,15382.9004,4951.1811,121.7995,1804.7,23.842,47092.4922
2021-09-15,4480.7002,18434.6587,15503.5303,4894.2743,122.5345,1792.4,23.759,48176.3477
2021-09-16,4473.75,18500.3617,15515.9102,4928.7847,122.3577,1754.6,22.752,47783.3594
2021-09-17,4432.9902,18228.0178,15333.4697,4860.9552,121.1017,1749.4,22.295,47267.5195
2021-09-20,4357.73,17749.8009,15012.1904,4743.1498,119.0548,1761.8,22.163,42843.8008
2021-09-21,4354.1899,18004.1404,15027.7695,4806.4629,119.2595,1776.0,22.573,40693.6758
2021-09-22,4395.6401,18178.4219,15176.5098,4865.233,120.3108,1776.7,22.869,43574.5078
2021-09-23,4448.98,18284.2093,15316.5801,4902.8984,121.7064,1747.7,22.642,44895.0977
2021-09-24,4455.48,18234.6767,15329.6797,4882.1981,121.4925,1749.7,22.388,42839.75
2021-09-27,4443.1099,18257.3445,15204.8203,4883.2149,121.2412,1750.0,22.657,42235.7305
2021-09-28,4352.6299,17835.9279,14770.2998,4747.5187,118.6547,1735.8,22.43,41034.543
2021-09-29,4359.46,17956.3736,14752.8896,4768.283,118.6454,1721.5,21.459,41564.3633
2021-09-30,4307.54,17704.8454,14689.6201,4696.4213,117.6592,1755.3,22.021,43790.8945
2021-10-01,4357.04,17542.7852,14791.8701,4670.6483,118.6175,1757.0,22.51,48116.9414
2021-10-04,4300.46,17453.31,14472.1201,4638.7357,117.2405,1766.2,22.618,49112.9023
2021-10-05,4345.7202,17653.642,14674.1504,4723.3993,118.1802,1759.6,22.582,51514.8125
2021-10-06,4363.5498,17363.2006,14766.75,4653.1029,118.4128,1760.5,22.506,55361.4492
2021-10-07,4399.7598,17622.9027,14897.1299,4735.7751,119.4084,1757.9,22.632,53805.9844
2021-10-08,4391.3398,17577.9184,14820.75,4708.6248,119.2781,1756.3,22.679,53967.8477
2021-10-11,4361.1899,17579.3883,14713.7305,4710.2936,118.6454,1754.6,22.64,57484.7891
2021-10-12,4350.6499,17500.3115,14662.1104,4685.1488,118.4407,1758.3,22.491,56041.0586
2021-10-13,4363.7998,17588.6739,14774.5996,4709.6657,119.1106,1793.7,23.149,57401.0977
2021-10-14,4438.2598,17936.1092,15052.4199,4812.7364,121.0086,1796.7,23.456,57321.5234
2021-10-15,4471.3701,18068.113,15146.9199,4848.6268,121.8832,1767.2,23.328,61593.9492
2021-10-18,4486.46,17945.7837,15300.8896,4814.3895,122.06,1764.8,23.243,62026.0781
2021-10-19,4519.6299,18019.8717,15410.7197,4839.2992,122.916,1769.7,23.862,64261.9922
2021-10-20,4536.1899,18056.2053,15388.71,4853.0532,123.2975,1784.1,24.424,65992.8359
2021-10-21,4549.7798,18033.2873,15489.5898,4843.5084,123.4184,1781.2,24.15,62210.1719
2021-10-22,4544.8999,18069.2414,15355.0703,4869.6336,123.5021,1795.5,24.429,60692.2656
2021-10-25,4566.48,18157.6424,15514.1904,4875.23,123.8464,1806.0,24.572,63039.8242
2021-10-26,4574.79,18296.6325,15559.4902,4904.7495,124.0139,1792.7,24.086,60363.793
2021-10-27,4551.6802,18215.9695,15598.3896,4895.4763,123.3998,1797.9,24.189,58482.3867
2021-10-28,4596.4199,18207.9314,15778.1602,4911.3402,124.5442,1801.6,24.117,60622.1367
2021-10-29,4605.3799,18330.1438,15850.4697,4966.1879,124.5256,1783.0,23.945,62227.9648
2021-11-01,4613.6699,18266.8315,15905.2803,4946.8046,125.0559,1795.1,24.064,61004.4062
2021-11-02,4630.6499,18506.496,15972.4902,4983.4361,125.3164,1788.7,23.5,63226.4023
2021-11-03,4660.5698,18480.7554,16144.5,4990.2847,126.1817,1763.6,23.226,62970.0469
2021-11-04,4680.0601,18619.6424,16346.2402,5033.4996,126.4608,1793.0,23.906,61452.2305
2021-11-05,4697.5298,18551.375,16359.3799,5041.6454,126.8702,1816.4,24.152,61125.6758
2021-11-08,4701.7002,18563.9801,16336.0303,5035.3771,126.9539,1827.4,24.537,67566.8281
2021-11-09,4685.25,18593.3354,16219.9404,5036.0845,126.5725,1830.2,24.313,66971.8281
2021-11-10,4646.71,18631.5282,15985.5703,5042.6946,125.3257,1847.6,24.767,64995.2305
2021-11-11,4649.27,18472.9567,16032.4697,5005.5707,125.5956,1863.2,25.301,64949.9609
2021-11-12,4682.8501,18429.0283,16199.8896,5004.3858,126.5631,1867.9,25.344,64155.9414
2021-11-15,4682.7998,18476.7051,16189.1201,5018.5241,126.4608,1866.1,25.107,63557.8711
2021-11-16,4700.8999,18468.0951,16309.7695,5002.9443,126.7679,1853.6,24.944,60161.2461
2021-11-17,4688.6699,18398.2003,16308.0703,4982.2373,126.4329,1869.7,25.167,60368.0117
2021-11-18,4704.54,18364.9167,16482.9707,4962.8669,126.74,1861.0,24.901,56942.1367
2021-11-19,4697.96,18371.3248,16573.3398,4952.6163,126.1817,1851.2,24.78,58119.5781
2021-11-22,4682.9399,18171.6291,16380.9805,4892.1928,125.5304,1806.0,24.297,56289.2891
2021-11-23,4690.7002,17916.607,16306.7197,4815.9325,125.5397,1783.5,23.435,57569.0742
2021-11-24,4701.46,17855.1324,16367.8096,4808.6117,125.6327,1784.1,23.496,56280.4258
2021-11-25,4701.46,17832.8745,16367.8096,4809.7065,125.6327,1784.1,23.496,57274.6797
2021-11-26,4594.6201,17102.5788,16025.5801,4584.2683,122.8136,1785.3,23.107,53569.7656
2021-11-29,4655.27,17256.9543,16399.2402,4640.9443,123.8929,1782.3,22.799,57806.5664
2021-11-30,4567.0,17053.2373,16135.9199,4588.5915,121.9763,1773.6,22.765,57005.4258
2021-12-01,4513.04,17530.9835,15877.7197,4735.098,120.5341,1781.6,22.299,57229.8281
2021-12-02,4577.1001,17277.1017,15990.7598,4650.0797,122.2461,1760.7,22.28,56477.8164
2021-12-03,4538.4302,17151.4924,15712.04,4613.1015,121.325,1782.0,22.445,53598.2461
2021-12-06,4591.6699,17387.6745,15846.1602,4676.9197,122.581,1777.5,22.228,50582.625
2021-12-07,4686.75,17848.6915,16325.6602,4826.4111,125.1396,1782.6,22.487,50700.0859
2021-12-08,4701.21,17689.5472,16394.3398,4773.4439,125.5676,1783.4,22.39,50504.7969
2021-12-09,4667.4502,17743.6579,16149.5703,4774.5631,124.4883,1774.6,21.974,47672.1211
2021-12-10,4712.02,17643.8877,16331.9805,4742.2417,125.2141,1782.9,22.16,47243.3047
2021-12-13,4668.9702,17671.0298,16082.5498,4731.7854,124.1224,1786.3,22.29,46737.4805
2021-12-14,4634.0898,17439.9718,15914.9004,4677.2482,123.1291,1770.4,21.887,46612.6328
2021-12-15,4709.8501,17428.3223,16289.5898,4684.3247,125.0033,1762.6,21.508,48896.7227
2021-12-16,4668.6699,17654.6826,15863.9404,4744.2302,124.4035,1796.6,22.455,47665.4258
2021-12-17,4620.6401,17603.8377,15801.46,4716.5331,123.0823,1803.8,22.507,46202.1445
2021-12-20,4568.02,17134.7766,15627.6396,4617.866,122.0515,1793.7,22.275,46880.2773
2021-12-21,4649.23,17420.8773,15986.2803,4708.3524,124.0193,1787.9,22.502,48936.6133
2021-12-22,4696.5601,17601.2437,16180.1396,4760.0376,125.1157,1801.6,22.792,48628.5117
2021-12-23,4725.79,17850.1296,16308.21,4832.7403,126.0153,1811.2,22.931,50784.5391
2021-12-27,4791.1899,17932.2473,16567.5,4855.8196,127.4021,1808.1,22.979,50640.418
2021-12-28,4786.3501,18086.924,16488.6602,4885.4308,127.2709,1810.2,23.111,47588.8555
2021-12-29,4793.0601,17936.4676,16491.0098,4848.1897,127.3553,1805.1,22.848,46444.7109
2021-12-30,4778.73,18045.4405,16429.0996,4891.7602,127.1743,1812.7,23.028,47178.125
2021-12-31,4766.1802,18045.4405,16320.0801,4891.7602,126.8743,1827.5,23.328,46306.4453
2022-01-03,4796.5601,18221.1123,16501.7695,4926.7776,127.5587,1799.4,22.79,46458.1172
2022-01-04,4793.54,18256.0754,16279.7305,4936.3911,127.5587,1814.0,23.038,45897.5742
2022-01-05,4700.5801,18360.4331,15771.7803,4955.9374,125.421,1824.6,23.15,43569.0039
2022-01-06,4696.0498,18160.4594,15765.3604,4892.8725,125.1866,1788.7,22.174,43160.9297
2022-01-07,4677.0298,18015.9731,15592.1904,4864.2452,124.8772,1797.0,22.394,41557.9023
2022-01-10,4670.29,17903.2302,15614.4297,4813.5341,124.3615,1798.4,22.446,41821.2617
2022-01-11,4713.0698,18062.7356,15844.1201,4851.1636,125.6554,1818.6,22.806,42735.8555
2022-01-12,4726.3501,18198.0957,15905.0996,4906.2154,126.2086,1827.2,23.2,43949.1016
2022-01-13,4659.0298,18342.7808,15495.6201,4938.1008,124.6803,1821.2,23.155,42591.5703
2022-01-14,4662.8501,18197.6116,15611.5898,4894.6973,124.6991,1816.5,22.911,43099.6992
2022-01-17,4662.8501,18181.4973,15611.5898,4909.0451,124.6991,1816.5,22.911,42250.5508
2022-01-18,4577.1099,17997.3973,15210.7598,4858.4172,122.4582,1812.3,23.487,42375.6328
2022-01-19,4532.7598,17911.8548,15047.8398,4835.8105,121.5769,1843.1,24.226,41744.3281
2022-01-20,4482.73,18049.9914,14846.46,4877.2191,120.4424,1842.5,24.711,40680.418
2022-01-21,4397.9399,17653.8445,14438.4004,4785.2198,118.3141,1831.8,24.314,36457.3164
2022-01-24,4410.1299,17024.8269,14509.5801,4598.2401,118.2297,1841.7,23.795,36654.3281
2022-01-25,4356.4502,17126.4676,14149.1201,4618.2748,117.0577,1852.7,23.896,36954.0039
2022-01-26,4349.9302,17476.1354,14172.7598,4707.8906,116.6546,1829.9,23.807,36852.1211
2022-01-27,4326.5098,17454.7672,14003.1104,4705.386,116.0358,1793.3,22.673,37138.2344
2022-01-28,4431.8501,17076.0788,14454.6104,4611.4259,118.0797,1784.9,22.302,37784.332
2022-01-31,4515.5498,17254.0622,14930.0498,4655.6705,120.3112,1795.0,22.395,38483.125
2022-02-01,4546.54,17540.022,15019.6797,4743.9081,121.2956,1800.3,22.596,38743.2734
2022-02-02,4589.3799,17602.8955,15139.7402,4759.9205,122.3082,1809.2,22.711,36952.9844
2022-02-03,4477.4399,17366.2883,14501.1104,4679.3304,119.6736,1803.0,22.375,37154.6016
2022-02-04,4500.5298,17267.4925,14694.3496,4673.3145,120.2174,1806.6,22.475,41500.875
2022-02-07,4483.8701,17419.4297,14571.25,4720.1622,120.0674,1820.6,23.076,43840.2852
2022-02-08,4521.54,17441.7896,14747.0303,4725.083,120.93,1826.6,23.195,44118.4453
2022-02-09,4587.1802,17682.409,15056.96,4801.6012,122.777,1835.2,23.336,44338.7969
2022-02-10,4504.0801,17692.4405,14705.6396,4793.6925,120.8643,1836.2,23.519,43565.1133
2022-02-11,4418.6401,17608.5855,14253.8398,4743.4135,118.736,1840.8,23.366,42407.9375
2022-02-14,4401.6699,17177.1131,14268.5898,4619.2706,118.2391,1868.0,23.845,42586.918
2022-02-15,4471.0698,17426.1258,14620.8203,4685.0172,120.2924,1854.8,23.338,44575.2031
2022-02-16,4475.0098,17485.003,14603.6396,4698.5566,120.5081,1870.2,23.601,43961.8594
2022-02-17,4380.2598,17367.341,14171.7402,4678.8646,118.1735,1900.7,23.874,40538.0117
2022-02-18,4348.8701,17098.0359,14009.54,4631.0215,117.2921,1898.6,23.991,40030.9766
2022-02-21,4348.8701,16671.5183,14009.54,4510.7117,117.2921,1898.6,23.991,37075.2812
2022-02-22,4304.7598,16617.2809,13870.5303,4507.4303,115.8951,1906.1,24.311,38286.0273
2022-02-23,4225.5,16576.0635,13509.4297,4501.5291,114.2169,1909.2,24.555,37296.5703
2022-02-24,4288.7002,15886.8746,13974.6699,4329.2784,114.7794,1925.1,24.686,38332.6094
2022-02-25,4384.6499,16301.7357,14189.1602,4443.4759,117.4609,1886.5,23.997,39214.2188
2022-02-28,4373.9399,16168.9442,14237.8096,4387.7028,116.8046,1899.4,24.361,43193.2344
2022-03-01,4306.2598,15595.5654,14005.9902,4223.7466,114.9107,1942.4,25.534,44354.6367
2022-03-02,4386.54,15585.9852,14243.6904,4253.3708,116.8046,1920.9,25.183,43924.1172
2022-03-03,4363.4902,15222.1357,14035.21,4157.9952,115.5482,1934.4,25.205,42451.7891
2022-03-04,4328.8701,14491.5238,13837.8301,3935.381,114.0012,1965.1,25.782,39137.6055
2022-03-07,4201.0898,13957.0792,13319.3799,3819.3742,110.5884,1993.9,25.713,38062.0391
2022-03-08,4170.7002,13941.8367,13267.6104,3808.6073,110.2133,2040.1,26.888,38737.2695
2022-03-09,4277.8799,15091.7957,13742.2002,4104.2962,113.6074,1985.9,25.757,41982.9258
2022-03-10,4259.52,14885.5512,13591.0,4043.4867,112.9136,1998.1,26.202,39437.4609
2022-03-11,4204.3101,15009.9246,13301.8301,4060.5989,111.4791,1982.7,26.106,38794.9727
2022-03-14,4173.1099,15227.3976,13046.6396,4089.7959,111.0384,1959.6,25.244,39666.7539
2022-03-15,4262.4502,15229.9373,13458.5596,4090.6862,113.1386,1928.5,25.123,39338.7852
2022-03-16,4357.8599,15840.5728,13956.79,4266.7423,116.1014,1908.0,24.67,41143.9297
2022-03-17,4411.6699,15858.4545,14118.5996,4282.3823,117.3203,1942.1,25.584,40951.3789
2022-03-18,4463.1201,15997.8358,14420.0801,4331.5204,118.8298,1928.2,25.055,41801.1562
2022-03-21,4461.1802,15821.466,14376.0898,4286.7242,118.7079,1928.6,25.282,41077.9961
2022-03-22,4511.6099,15945.4431,14654.3301,4325.4929,120.0861,1920.7,24.885,42358.8086
2022-03-23,4456.2402,15754.489,14447.5498,4267.6474,118.5954,1936.6,25.17,42892.957
2022-03-24,4520.1602,15710.1707,14765.6904,4252.1653,120.058,1961.6,25.9,43960.9336
2022-03-25,4543.0601,15750.0388,14754.3096,4258.2078,120.4237,1953.8,25.595,44348.7305
2022-03-28,4575.52,15832.9989,14987.4004,4268.771,120.9581,1939.6,25.176,47128.0039
2022-03-29,4631.6001,16293.2383,15239.3203,4399.9338,122.8333,1912.0,24.716,47465.7305
2022-03-30,4602.4502,16200.3235,15071.5498,4391.2864,122.0551,1933.5,25.103,47062.6641
2022-03-31,4530.4102,16089.5064,14838.4902,4355.9285,120.1612,1949.2,25.121,45538.6758
2022-04-01,4545.8599,15995.6602,14861.21,4338.9027,120.7706,1919.1,24.642,46281.6445
2022-04-04,4582.6401,16038.6213,15159.5801,4364.9139,121.6332,1929.2,24.584,46622.6758
2022-04-05,4525.1201,15831.9817,14820.6396,4300.179,120.0205,1922.9,24.528,45555.9922
2022-04-06,4481.1499,15434.4462,14498.8896,4171.3724,118.7079,1918.4,24.455,43206.7383
2022-04-07,4500.21,15342.6956,14531.8096,4143.5189,119.2236,1933.8,24.733,43503.8477
2022-04-08,4488.2798,15518.9799,14327.2598,4192.0577,118.8766,1941.6,24.819,42287.6641
2022-04-11,4412.5298,15448.7655,13990.21,4179.406,117.0952,1944.3,24.978,39521.9023
2022-04-12,4397.4502,15365.0639,13940.2402,4167.8576,116.5608,1972.1,25.725,40127.1836
2022-04-13,4446.5898,15239.3557,14217.29,4144.2042,118.0328,1981.0,26.02,41166.7305
2022-04-14,4392.5898,15433.7372,13893.21,4193.7408,116.8327,1970.9,25.69,39935.5156
2022-04-18,4391.6899,15433.7372,13910.7598,4193.7408,116.4389,1982.9,26.14,40826.2148
2022-04-19,4462.21,15259.96,14210.2598,4130.2441,117.8922,1955.7,25.391,41502.75
2022-04-20,4459.4502,15503.0544,13998.5303,4206.401,118.061,1952.3,25.27,41374.3789
2022-04-21,4393.6602,15734.9271,13720.4502,4261.8617,116.2983,1944.9,24.621,40527.3633
2022-04-22,4271.7798,15323.2026,13356.8701,4160.7182,113.4293,1931.0,24.257,39740.3203
2022-04-25,4296.1201,15053.483,13533.2197,4062.3476,113.7012,1893.2,23.668,40458.3086
2022-04-26,4175.2002,14738.895,13009.71,3987.143,110.6446,1901.4,23.542,38117.4609
2022-04-27,4183.96,14681.7451,13003.3604,3975.0085,111.0572,1885.9,23.458,39241.1211
2022-04-28,4287.5,14755.8497,13456.0596,3986.6794,113.448,1888.7,23.129,39773.8281
2022-04-29,4131.9302,14808.6973,12854.7998,3994.6009,110.0915,1909.3,23.04,38609.8242
2022-05-02,4155.3799,14686.1556,13075.8496,3932.4856,110.4853,1861.8,22.544,38529.3281
2022-05-03,4175.48,14754.1605,13089.9004,3952.6564,111.0759,1868.8,22.621,37750.4531
2022-05-04,4300.1699,14709.2232,13535.71,3921.8677,113.945,1867.0,22.362,39698.3711
2022-05-05,4146.8701,14767.9201,12850.5498,3926.7368,109.7915,1874.0,22.4,36575.1406
2022-05-06,4123.3398,14412.3466,12693.5303,3825.0509,109.0789,1881.2,22.325,36040.9219
2022-05-09,3991.24,14092.7785,12187.7197,3714.5568,105.5442,1857.1,21.782,30296.9531
2022-05-10,4001.05,14300.5335,12345.8604,3755.93,105.7879,1839.9,21.39,31022.9062
2022-05-11,3935.1799,14565.662,11967.5596,3842.2899,104.3909,1852.6,21.55,28936.3555
2022-05-12,3930.0801,14443.773,11945.5,3798.6121,104.3534,1823.8,20.757,29047.752
2022-05-13,4023.8899,14560.4039,12387.4004,3843.9949,107.0349,1807.4,20.984,29283.1035
2022-05-16,4008.01,14523.8385,12243.5801,3832.9868,106.7161,1813.5,21.535,29862.918
2022-05-17,4088.8501,14808.6442,12564.0996,3905.7467,108.882,1818.2,21.737,30425.8574
2022-05-18,3923.6799,14775.1834,11928.3096,3892.9394,105.0472,1815.9,21.533,28720.2715
2022-05-19,3900.79,14538.5716,11875.6299,3805.0921,105.0004,1841.2,21.898,30314.334
2022-05-20,3901.3601,14791.4454,11835.6201,3868.7675,105.3098,1841.8,21.669,29200.7402
2022-05-23,3973.75,14983.1419,12034.2803,3919.7011,107.1193,1847.8,21.723,29098.9102
2022-05-24,3941.48,14869.1449,11769.8398,3896.3415,106.3505,1865.1,22.063,29655.5859
2022-05-25,3978.73,15039.6488,11943.9297,3947.9277,107.1381,1846.2,21.86,29562.3613
2022-05-26,4057.8401,15208.4311,12276.79,3947.9277,109.0132,1847.4,21.941,29267.2246
2022-05-27,4158.2402,15522.2018,12681.4199,4088.0319,111.2635,1851.3,22.06,28627.5742
2022-05-30,4158.2402,15642.1497,12681.4199,4122.6178,111.2635,1851.3,22.06,31726.3906
2022-05-31,4132.1499,15501.3453,12642.0996,4082.3203,110.579,1842.7,21.651,31792.3105
2022-06-01,4101.23,15393.2109,12548.3604,4035.5298,109.7071,1843.3,21.884,29799.0801
2022-06-02,4176.8198,15432.7401,12892.8896,4043.3943,111.9291,1866.5,22.254,30467.4883
2022-06-03,4108.54,15546.1435,12548.0303,4067.8392,110.0821,1845.4,21.89,29704.3906
2022-06-06,4121.4302,15717.7444,12599.6299,4067.8392,110.4759,1839.2,22.074,31370.6719
2022-06-07,4160.6802,15563.085,12711.6797,4069.9433,111.3947,1847.5,22.159,31155.4785
2022-06-08,4115.77,15455.2161,12615.1299,4053.6322,110.1196,1851.9,22.074,30214.3555
2022-06-09,4017.8201,15217.7827,12269.7803,3991.7367,107.5539,1848.8,21.797,30111.998
2022-06-10,3900.8601,14613.9698,11832.8203,3822.0643,104.4993,1871.5,21.913,29083.8047
2022-06-13,3749.6299,14084.9375,11288.3203,3674.118,100.4801,1828.0,21.236,22487.3887
2022-06-14,3735.48,13856.7181,11311.6904,3619.4512,99.9789,1809.5,20.936,22206.793
2022-06-15,3789.99,14079.4422,11593.7695,3687.9515,101.6339,1815.3,21.402,22572.8398
2022-06-16,3666.77,13633.3119,11127.5703,3584.2927,98.5887,1845.7,21.867,20381.6504
2022-06-17,3674.8401,13844.0755,11265.9902,3626.4938,98.6738,1835.6,21.573,20471.4824
2022-06-20,3674.8401,13917.4946,11265.9902,3640.3437,98.6738,1835.6,21.573,20599.5371
2022-06-21,3764.79,13984.6405,11546.7598,3675.9601,100.726,1834.6,21.754,20710.5977
2022-06-22,3759.8899,13844.3912,11527.71,3649.1789,100.395,1834.3,21.407,19987.0293
2022-06-23,3795.73,13641.0208,11697.6797,3630.1396,101.0192,1825.7,21.032,21085.877
2022-06-24,3911.74,13800.4234,12105.8496,3716.9354,104.0832,1826.5,21.116,21231.6562
2022-06-27,3900.1101,13932.5776,12008.2402,3739.2276,103.8279,1820.9,21.159,20735.4785
2022-06-28,3821.55,14000.4453,11637.7695,3755.4652,102.0689,1817.5,20.797,20280.6348
2022-06-29,3818.8301,13684.1344,11658.2598,3698.3108,101.8892,1813.7,20.668,20104.0234
2022-06-30,3785.3799,13354.6817,11503.7197,3609.1512,101.0759,1804.1,20.282,19784.7266
2022-07-01,3825.3301,13425.08,11585.6797,3613.0281,101.9081,1798.9,19.597,19269.3672
2022-07-04,3825.3301,13327.6782,11585.6797,3602.237,101.9081,1798.9,19.597,20231.2617
2022-07-05,3831.3899,12938.4032,11779.9004,3505.3733,101.4731,1761.8,19.052,20190.1152
2022-07-06,3845.0801,12919.0466,11852.5898,3510.0118,101.719,1734.9,19.085,20548.2461
2022-07-07,3902.6201,13082.6317,12109.0498,3553.5295,103.2794,1737.9,19.122,21637.5879
2022-07-08,3899.3799,13236.2763,12125.6904,3566.104,103.3172,1740.6,19.167,21731.1172
2022-07-11,3854.4299,13045.606,11860.2803,3529.3598,101.823,1730.0,19.067,19970.5566
2022-07-12,3818.8,12966.814,11744.9902,3503.6223,101.3029,1723.3,18.899,19323.9141
2022-07-13,3801.78,12798.5555,11728.5303,3465.4058,100.9719,1734.2,19.138,20212.0742
2022-07-14,3790.3799,12560.6073,11768.4004,3407.7191,100.2342,1704.5,18.169,20569.9199
2022-07-15,3863.1599,12897.738,11983.6201,3486.1244,101.9365,1702.4,18.548,20836.3281
2022-07-18,3830.8501,13084.6368,11877.5,3545.6859,101.615,1709.2,18.791,22485.6895
2022-07-19,3936.6899,13501.6188,12249.4199,3639.5216,104.3764,1710.0,18.67,23389.4336
2022-07-20,3959.8999,13589.233,12439.6797,3668.1775,104.6601,1699.5,18.639,23231.7324
2022-07-21,3998.95,13488.7633,12619.4102,3662.2475,105.7855,1712.7,18.687,23164.6289
2022-07-22,3961.6299,13546.6947,12396.4697,3676.0019,104.9154,1727.1,18.585,22714.9785
2022-07-25,3966.8401,13474.832,12328.4102,3676.3264,105.2748,1719.0,18.294,21361.7012
2022-07-26,3921.05,13391.544,12086.9004,3655.7875,103.8752,1717.7,18.487,21239.7539
2022-07-27,4023.6101,13336.9607,12601.4697,3654.5217,106.5515,1719.1,18.553,22930.5488
2022-07-28,4072.4299,13560.0929,12717.8701,3728.6372,107.7242,1750.3,19.827,23843.8867
2022-07-29,4130.29,13743.3868,12947.9697,3779.4175,109.294,1762.9,20.156,23804.6328
2022-08-01,4118.6299,13760.3403,12940.7803,3779.4175,109.1143,1769.0,20.322,23314.1992
2022-08-02,4091.1899,13800.7042,12901.5996,3780.9302,108.1592,1771.1,20.105,22978.1172
2022-08-03,4155.1699,13799.1007,13253.2598,3790.651,109.5304,1758.0,19.865,22846.5078
2022-08-04,4151.9399,13878.0663,13311.04,3813.7898,109.7007,1788.5,20.099,22630.957
2022-08-05,4145.1899,13910.2808,13207.6904,3817.7021,109.3602,1772.9,19.819,23289.3145
2022-08-08,4140.0601,13921.5734,13159.1602,3821.42,109.3224,1786.8,20.592,23809.4863
2022-08-09,4122.4702,13802.4612,13008.1699,3788.797,108.7739,1794.0,20.458,23164.3184
2022-08-10,4210.2402,13986.1066,13378.3203,3827.3906,111.1854,1795.6,20.718,23947.6426
2022-08-11,4207.27,14106.4172,13291.9902,3870.0557,111.2138,1789.7,20.326,23957.5293
2022-08-12,4280.1499,14232.7967,13565.8701,3896.4305,112.7553,1798.6,20.677,24402.8184
2022-08-15,4297.1401,14170.8816,13667.1797,3886.7896,112.8782,1781.4,20.251,24136.9727
2022-08-16,4305.2002,14135.4384,13635.21,3866.8575,113.1052,1773.2,20.065,23883.291
2022-08-17,4274.04,13859.2683,13470.8604,3820.1623,112.2162,1760.3,19.711,23335.998
2022-08-18,4283.7402,13944.2233,13505.9902,3845.4443,112.2257,1755.3,19.448,23212.7383
2022-08-19,4228.48,13666.2854,13242.9004,3763.8558,110.722,1747.6,19.058,20877.5527
2022-08-22,4137.9902,13277.1736,12890.54,3671.1057,108.4996,1734.0,18.873,21398.9082
2022-08-23,4128.73,13114.363,12881.79,3630.4106,108.4996,1746.8,19.012,21528.0879
2022-08-24,4140.77,13176.3142,12917.8604,3655.3243,108.8023,1747.8,18.895,21395.0195
2022-08-25,4199.1201,13230.9437,13143.5801,3663.1841,110.2208,1757.7,19.111,21600.9043
2022-08-26,4057.6599,12934.2197,12605.1699,3593.3313,106.7785,1736.1,18.74,20260.0195
2022-08-29,4030.6101,12813.928,12484.3203,3548.615,106.1827,1736.6,18.555,20297.9941
2022-08-30,3986.1599,12979.3099,12342.7002,3566.9134,105.1046,1723.2,18.159,19796.8086
2022-08-31,3955.0,12867.1277,12272.0303,3526.0651,104.2913,1712.8,17.762,20049.7637
2022-09-01,3966.8501,12679.5538,12274.6201,3470.199,103.9886,1696.6,17.551,20127.1406
2022-09-02,3924.26,12988.0573,12098.4404,3527.4834,103.0619,1709.8,17.776,19969.7715
2022-09-05,3924.26,12645.203,12098.4404,3458.4002,103.0619,1709.8,17.776,19812.3711
2022-09-06,3908.1899,12809.9534,12011.3096,3483.4197,102.6174,1700.4,17.795,18837.668
2022-09-07,3979.8701,12784.1642,12259.3896,3466.3518,104.1967,1715.3,18.137,19290.3242
2022-09-08,4006.1799,12898.7739,12321.1904,3510.8702,104.7357,1708.0,18.33,19329.834
2022-09-09,4067.3601,13103.9356,12588.29,3574.3295,106.769,1716.2,18.658,21381.1523
2022-09-12,4110.4102,13497.9703,12739.7197,3672.5484,108.0079,1728.1,19.755,22370.4492
2022-09-13,3932.6899,13359.8234,12033.6201,3632.6417,103.5915,1705.0,19.39,20296.707
2022-09-14,3946.01,13004.5923,12134.4004,3561.1501,103.9981,1696.5,19.471,20241.0898
2022-09-15,3901.3501,12935.9624,11927.4902,3536.1322,102.9389,1665.4,19.175,19701.2109
2022-09-16,3873.3301,12726.3695,11861.3799,3496.3191,102.1446,1671.7,19.296,19772.584
2022-09-19,3899.8899,12831.8547,11953.2695,3507.3111,102.7403,1666.2,19.273,19544.1289
2022-09-20,3855.9299,12708.3202,11851.54,3477.3484,101.4826,1659.7,19.102,18890.7891
2022-09-21,3789.9299,12729.8516,11637.79,3481.6688,99.856,1664.6,19.411,18547.4004
2022-09-22,3757.99,12319.4883,11501.6504,3369.1236,99.0238,1670.8,19.548,19413.5508
2022-09-23,3693.23,12089.5482,11311.2402,3295.5417,96.8297,1645.3,18.841,19297.6387
2022-09-26,3655.04,11848.7602,11254.1104,3238.9149,95.6571,1623.3,18.406,19222.6719
2022-09-27,3647.29,11682.8785,11271.75,3203.3969,95.4017,1626.7,18.257,19110.5469
2022-09-28,3719.04,11691.3092,11493.8301,3200.6178,97.3593,1660.4,18.796,19426.7207
2022-09-29,3640.47,11626.0698,11164.7803,3183.3485,95.676,1658.5,18.611,19573.0508
2022-09-30,3585.6201,11907.878,10971.2197,3261.6431,94.5222,1662.4,18.96,19431.7891
2022-10-03,3678.4299,11956.3639,11229.7305,3272.8829,96.8392,1692.9,20.519,19623.5801
2022-10-04,3790.9299,12457.7034,11582.54,3425.9646,100.1397,1721.1,21.037,20336.8438
2022-10-05,3783.28,12497.5585,11573.1797,3442.3155,99.7614,1711.4,20.479,20160.7168
2022-10-06,3744.52,12359.789,11485.5,3402.8919,98.532,1711.7,20.595,19955.4434
2022-10-07,3639.6599,12014.0955,11039.4697,3304.2531,96.0354,1700.5,20.192,19546.8496
2022-10-10,3612.3899,11947.723,10926.9697,3267.9268,95.4301,1667.3,19.556,19141.4844
2022-10-11,3588.8401,11865.9329,10791.3496,3243.4991,94.6168,1678.7,19.427,19051.418
2022-10-12,3577.03,11807.2962,10785.6201,3231.64,94.3236,1670.3,18.878,19157.4453
2022-10-13,3669.9099,11994.7778,11033.5801,3264.2126,96.7541,1670.0,18.858,19382.9043
2022-10-14,3583.0701,12128.5312,10692.0596,3297.6399,94.5317,1641.7,18.015,19185.6562
2022-10-17,3677.95,12319.3643,11062.5303,3351.942,96.9621,1657.0,18.674,19550.7578
2022-10-18,3719.98,12569.526,11147.7402,3410.6244,98.0024,1649.0,18.571,19334.416
2022-10-19,3695.1599,12567.9722,11103.3799,3423.9889,97.1702,1627.5,18.336,19139.5352
2022-10-20,3665.78,12469.2691,11046.71,3411.286,96.5366,1630.8,18.666,19053.7402
2022-10-21,3752.75,12449.4196,11310.3301,3399.7614,98.6171,1651.0,19.043,19172.4688
2022-10-24,3797.3401,12750.5209,11430.2598,3478.4313,99.3642,1648.7,19.174,19345.5723
2022-10-25,3859.1101,12904.8131,11669.9902,3544.8849,101.2461,1652.8,19.339,20095.8574
2022-10-26,3830.6001,13147.9499,11405.9004,3592.234,101.0003,1664.0,19.48,20770.4414
2022-10-27,3807.3,13332.6916,11191.6299,3637.6491,100.4801,1660.7,19.478,20285.8359
2022-10-28,3901.0601,13200.6918,11546.21,3601.3875,102.3999,1639.6,19.147,20595.3516
2022-10-31,3871.98,13194.1019,11405.5703,3601.2621,101.5866,1635.9,19.125,20495.7734
2022-11-01,3856.1001,13187.0891,11288.9502,3609.5107,101.6055,1645.0,19.673,20485.2734
2022-11-02,3759.6899,13094.8879,10906.3398,3577.7887,99.2696,1645.7,19.6,20159.5039
2022-11-03,3719.8899,12886.5059,10690.5996,3526.4938,98.2956,1627.3,19.436,20209.9883
2022-11-04,3770.55,13122.8555,10857.0303,3595.9854,100.3572,1672.5,20.79,21147.2305
2022-11-07,3806.8,13437.1752,10977.0,3682.3973,101.1232,1676.5,20.898,20602.8164
2022-11-08,3828.1101,13714.2587,11059.5,3746.2481,101.8514,1712.1,21.477,18541.2715
2022-11-09,3748.5701,13776.8094,10797.5498,3758.1703,99.9222,1710.1,21.298,15880.7803
2022-11-10,3956.3701,14173.729,11605.96,3854.0756,105.4356,1750.3,21.677,17586.7715
2022-11-11,3992.9299,14498.2977,11817.0098,3942.8622,106.8825,1766.0,21.646,17034.293
2022-11-14,3957.25,14783.5655,11700.9404,4015.2347,105.8139,1773.6,22.092,16618.1992
2022-11-15,3991.73,14837.5843,11871.1504,4040.0904,106.7312,1773.8,21.499,16884.6133
2022-11-16,3958.79,14743.4148,11699.0898,4021.7307,106.0408,1773.0,21.504,16669.4395
2022-11-17,3946.5601,14829.9172,11676.8604,4031.6217,105.7666,1760.8,20.955,16687.5176
2022-11-18,3965.3401,14953.9021,11677.0195,4066.8128,106.1637,1751.9,20.976,16697.7773
2022-11-21,3949.9399,14855.7598,11553.4502,4038.6376,105.5301,1737.4,20.849,15787.2842
2022-11-22,4003.5801,14776.6945,11724.8398,4026.4542,107.0338,1738.3,21.034,16189.7695
2022-11-23,4027.26,14876.4122,11838.7197,4069.2082,107.8566,1744.9,21.357,16610.707
2022-11-24,4027.26,15144.7448,11838.7197,4126.9013,107.8566,1744.9,21.357,16604.4648
2022-11-25,4026.1201,15134.8169,11756.0303,4124.1168,107.9984,1753.3,21.425,16521.8418
2022-11-28,3963.9399,14911.9894,11587.75,4080.1511,106.4002,1740.1,20.91,16217.3223
2022-11-29,3957.6299,14851.4902,11503.4502,4070.3911,106.3056,1748.4,21.204,16444.9824
2022-11-30,4080.1101,14864.2234,12030.0596,4093.375,109.1711,1746.0,21.55,17168.5664
2022-12-01,4076.5701,15106.6509,12041.8896,4153.9824,109.5304,1801.1,22.637,16967.1328
2022-12-02,4071.7,15297.1537,11994.2598,4188.1006,109.4075,1795.9,23.038,17088.6602
2022-12-05,3998.8401,15233.8286,11786.7998,4171.8387,107.4593,1767.4,22.199,16974.8262
2022-12-06,3941.26,15055.9379,11549.6904,4134.9377,106.211,1769.3,22.123,17089.5039
2022-12-07,3933.9199,14930.056,11497.3896,4104.7944,106.0787,1785.5,22.71,16848.127
2022-12-08,3963.51,14996.6995,11637.5,4122.5323,106.8447,1788.7,23.063,17233.4746
2022-12-09,3934.3799,15174.9934,11563.3301,4163.2733,106.2962,1798.1,23.535,17133.1523
2022-12-12,3990.5601,15053.7475,11706.4404,4126.6245,107.3743,1780.5,23.22,17206.4375
2022-12-13,4019.6499,15283.2975,11834.21,4202.8124,108.4688,1813.9,23.801,17781.3184
2022-12-14,3995.3201,15366.3536,11740.9199,4224.371,107.9639,1807.5,23.946,17815.6504
2022-12-15,3895.75,14932.185,11345.2197,4095.1264,105.2012,1777.2,23.128,17364.8652
2022-12-16,3852.3601,14783.007,11243.7197,4047.6909,104.0962,1790.0,23.151,16647.4844
2022-12-19,3817.6599,14758.5769,11084.5898,4034.2109,103.3531,1787.7,23.029,16439.6797
2022-12-20,3821.6201,14737.9901,11072.4199,4036.1852,103.6103,1815.9,24.094,16906.3047
2022-12-21,3878.4399,14981.744,11235.8799,4114.9311,105.0393,1815.9,24.035,16817.5352
2022-12-22,3822.3899,14762.9396,10956.1396,4056.5412,103.7342,1787.0,23.476,16830.3418
2022-12-23,3844.8201,14782.028,10985.4502,4047.3017,104.2581,1795.9,23.764,16796.9531
2022-12-27,3829.25,14891.0964,10822.5098,4078.2799,104.0104,1814.8,24.04,16717.1738
2022-12-28,3783.22,14812.8922,10679.3398,4051.5053,102.7625,1807.9,23.663,16552.5723
2022-12-29,3849.28,14957.1841,10951.0498,4092.3361,104.5439,1819.5,24.078,16642.3418
2022-12-30,3839.5,14843.5956,10939.7598,4044.2848,104.0771,1819.7,23.862,16602.5859
2023-01-02,3839.5,15067.8029,10939.7598,4044.2848,104.0771,1819.7,23.862,16688.4707
2023-01-03,3824.1399,15142.782,10862.6396,4145.3984,103.9342,1839.7,24.059,16679.8574
2023-01-04,3852.97,15283.2155,10914.7998,4191.2884,104.9536,1852.8,23.792,16863.2383
2023-01-05,3808.1001,15311.6771,10741.2197,4199.5691,103.7246,1834.8,23.258,16836.7363
2023-01-06,3895.0801,15372.9807,11040.3496,4227.6483,106.1729,1864.2,23.822,16951.9688
2023-01-09,3892.0901,15763.7182,11108.4502,4335.6532,106.2968,1872.7,23.712,17196.5547
2023-01-10,3919.25,15857.8491,11205.7803,4354.9463,106.8779,1871.6,23.507,17446.293
2023-01-11,3969.6101,16052.4803,11402.5195,4402.71,108.0402,1874.6,23.327,17934.8965
2023-01-12,3983.1699,16211.7667,11459.6104,4442.7842,108.8785,1895.5,23.863,18869.5879
2023-01-13,3999.0901,16384.3212,11541.4805,4507.8679,109.3643,1918.4,24.231,19909.5742
2023-01-16,3999.0901,16382.0225,11541.4805,4499.7943,109.3643,1918.4,24.231,21169.6328
2023-01-17,3990.97,16447.7936,11557.1904,4520.8535,109.3548,1907.2,23.944,21161.5195
2023-01-18,3928.8601,16386.1842,11410.29,4505.4936,108.0973,1904.4,23.53,20688.7812
2023-01-19,3898.8501,16110.7865,11295.6699,4420.9436,107.4114,1922.1,23.754,21086.793
2023-01-20,3972.6101,16287.183,11619.0303,4463.4515,109.1357,1926.4,23.83,22676.5527
2023-01-23,4019.8101,16409.4731,11872.54,4509.8981,110.2217,1927.1,23.452,22934.4316
2023-01-24,4016.95,16412.6902,11846.6396,4516.1156,110.1169,1933.9,23.649,22636.4688
2023-01-25,4016.22,16421.1097,11814.6904,4516.5226,110.336,1941.2,23.839,23117.8594
2023-01-26,4060.4299,16528.1567,12051.4805,4558.837,111.2506,1929.1,23.93,23032.7773
2023-01-27,4070.5601,16505.0976,12166.5996,4551.7044,111.4125,1928.6,23.527,23078.7285
2023-01-30,4017.77,16444.2509,11912.3896,4521.036,110.155,1922.9,23.645,22840.1387
2023-01-31,4076.6001,16415.2226,12101.9297,4517.6325,111.4697,1929.5,23.748,23139.2832
2023-02-01,4119.21,16487.7221,12363.0996,4530.579,112.6414,1927.8,23.521,23723.7695
2023-02-02,4179.7598,17080.0422,12803.1396,4670.6829,113.7751,1916.3,23.534,23471.8711
2023-02-03,4136.48,16877.2402,12573.3604,4643.3805,112.5748,1862.9,22.334,23449.3223
2023-02-06,4111.0801,16559.5596,12464.5098,4538.0432,111.746,1866.2,22.177,22760.1094
2023-02-07,4164.0,16440.476,12728.2695,4516.9116,113.032,1871.7,22.117,23264.291
2023-02-08,4117.8599,16536.7117,12495.3799,4516.3038,111.9651,1877.4,22.367,22939.3984
2023-02-09,4081.5,16634.6112,12381.1699,4554.372,111.2887,1866.2,22.097,21819.0391
2023-02-10,4090.46,16444.2802,12304.9199,4509.5498,111.2982,1862.8,22.034,21651.1836
2023-02-13,4137.29,16440.8397,12502.3096,4528.8029,112.5367,1851.9,21.818,21808.1016
2023-02-14,4136.1299,16503.9851,12590.8896,4548.3669,112.6796,1854.0,21.842,22220.8047
2023-02-15,4147.6001,16647.171,12687.8896,4594.9308,112.8415,1834.2,21.546,24307.8418
2023-02-16,4090.4099,16608.1904,12442.4805,4594.5049,111.6126,1842.0,21.684,23623.4746
2023-02-17,4079.0901,16512.7242,12358.1797,4559.5255,111.3458,1840.4,21.694,24565.6016
2023-02-20,4079.0901,16536.9028,12358.1797,4563.5189,111.3458,1840.4,21.694,24829.1484
2023-02-21,3997.3401,16448.6922,12060.2998,4540.5406,109.4405,1833.0,21.869,24436.3535
2023-02-22,3991.05,16403.9767,12066.2695,4519.5196,109.1929,1832.0,21.661,24188.8438
2023-02-23,4012.3201,16413.2135,12180.1396,4516.1211,109.7168,1818.0,21.299,23947.4922
2023-02-24,3970.04,16119.3557,11969.6504,4428.7333,108.2688,1808.8,20.806,23198.127
2023-02-27,3982.24,16234.7273,12057.79,4483.6716,108.9452,1817.0,20.67,23522.8711
2023-02-28,3970.1499,16304.2648,12042.1201,4497.4318,108.5832,1828.9,20.961,23147.3535
2023-03-01,3951.3899,16188.5923,11938.5703,4459.1291,108.4403,1837.7,20.959,23646.5508
2023-03-02,3981.3501,16352.9713,12044.8701,4524.2611,109.0595,1833.5,20.766,23475.4668
2023-03-03,4045.6399,16512.6761,12290.8096,4552.3729,110.7647,1847.7,21.093,22362.6797
2023-03-06,4048.4199,16633.8098,12302.4805,4583.9094,110.7171,1847.9,20.984,22429.7578
2023-03-07,3986.3701,16630.5375,12152.1699,4573.4931,108.9642,1813.9,20.054,22219.7695
2023-03-08,3992.01,16492.7943,12215.3301,4524.6363,109.2214,1812.7,20.005,21718.0801
2023-03-09,3918.3201,16492.294,11995.8799,4521.6531,107.5067,1829.3,20.025,20363.0215
2023-03-10,3861.5901,16330.0414,11830.2803,4476.8299,105.9824,1862.0,20.375,20187.2441
2023-03-13,3855.76,15982.1682,11923.1699,4376.5984,105.6776,1911.7,21.793,24197.5332
2023-03-14,3919.29,16337.2265,12199.79,4482.4862,107.2876,1906.2,21.929,24746.0742
2023-03-15,3891.9299,15807.4814,12251.3203,4328.5237,105.7824,1926.6,21.774,24375.9609
2023-03-16,3960.28,15840.2117,12581.3896,4357.1458,107.5448,1919.0,21.588,25052.7891
2023-03-17,3916.6399,15675.1657,12519.8799,4314.6349,106.2777,1969.8,22.351,27423.9297
2023-03-20,3951.5701,15947.1401,12562.6104,4399.0689,107.44,1979.2,22.533,27767.2363
2023-03-21,4002.8701,16288.1095,12741.4404,4482.319,108.9737,1938.0,22.324,28175.8164
2023-03-22,3936.97,16394.2841,12567.1504,4520.5468,107.5638,1946.8,22.675,27307.4375
2023-03-23,3948.72,16534.2903,12729.2305,4573.3264,107.7353,1993.8,23.144,28333.9727
2023-03-24,3970.99,16206.2452,12767.0498,4475.5506,108.0497,1982.1,23.247,27493.2852
2023-03-27,3977.53,16304.8932,12673.0703,4488.7047,108.5641,1952.4,23.054,27139.8887
2023-03-28,3971.27,16364.0894,12610.5703,4504.6145,108.4784,1972.4,23.324,27268.1309
2023-03-29,4027.8101,16615.6631,12846.0303,4586.4939,109.9454,1966.1,23.376,28348.4414
2023-03-30,4050.8301,16831.9238,12963.1396,4646.9528,110.7457,1980.3,23.902,28033.5625
2023-03-31,4109.3101,17042.7021,13181.3496,4705.4106,112.0984,1969.0,24.076,28478.4844
2023-04-03,4124.5098,16832.5912,13148.3496,4657.3719,112.6224,1983.9,23.941,27790.2207
2023-04-04,4100.6001,17026.9209,13100.0801,4708.9917,112.1937,2022.2,25.022,28168.0898
2023-04-05,4090.3799,17010.2702,12967.2002,4711.0478,111.7079,2020.9,24.963,28177.9844
2023-04-06,4105.02,17006.9122,13062.5996,4698.7408,112.108,2011.9,25.025,28044.1406
2023-04-10,4109.1099,17006.9122,13051.2305,4698.7408,112.2128,1989.1,24.846,29652.9805
2023-04-11,4108.9399,17016.1192,12964.1504,4709.9955,112.3557,2004.8,25.131,30235.0586
2023-04-12,4091.95,17144.4165,12848.3496,4731.6802,112.2604,2010.9,25.404,30139.0527
2023-04-13,4146.2202,17302.2338,13109.3896,4799.5165,113.7656,2041.3,25.874,30399.0664
2023-04-14,4137.6401,17474.5748,13079.5195,4853.8029,113.4988,2002.2,25.424,30485.6992
2023-04-17,4151.3198,17347.3196,13087.71,4798.5167,113.6608,1994.2,25.053,29445.0449
2023-04-18,4154.8701,17352.4204,13091.79,4800.5576,113.9561,2007.4,25.248,30397.5527
2023-04-19,4154.52,17445.5899,13088.71,4822.1109,113.7846,1995.2,25.366,28822.6797
2023-04-20,4129.79,17300.0351,12985.9805,4802.3788,113.3369,2007.6,25.368,28245.9883
2023-04-21,4133.52,17423.6542,13000.7695,4836.6319,113.575,1979.5,25.053,27276.9102
2023-04-24,4137.04,17438.0854,12969.7598,4838.578,113.7084,1989.1,25.306,27525.3398
2023-04-25,4071.6299,17553.782,12725.1104,4841.6833,111.927,1994.0,24.877,28307.5977
2023-04-26,4055.99,17341.1764,12806.4805,4773.0876,111.565,1985.7,24.871,28422.7012
2023-04-27,4135.3501,17455.2032,13160.0303,4814.4606,113.5369,1989.9,24.983,29473.7871
2023-04-28,4169.48,17565.6467,13245.9902,4809.212,114.1181,1990.1,24.999,29340.2617
2023-05-01,4167.8701,17565.6467,13231.4697,4809.212,114.0037,1983.4,25.009,28091.5684
2023-05-02,4119.5801,17251.2613,13113.6602,4711.1249,112.7653,2014.3,25.404,28680.5371
2023-05-03,4090.75,17413.8221,13030.21,4745.9012,112.2794,2028.6,25.476,29006.3086
2023-05-04,4061.22,17416.1139,12982.4805,4745.2815,111.7364,2048.0,26.035,28847.7109
2023-05-05,4136.25,17593.7165,13259.1299,4784.4248,113.6989,2017.4,25.743,29534.3848
2023-05-08,4138.1201,17577.9078,13291.6396,4791.6368,113.7465,2026.3,25.636,27694.2734
2023-05-09,4119.1699,17544.8701,13201.1104,4753.7302,113.2797,2036.2,25.698,27658.7754
2023-05-10,4137.6401,17429.6943,13347.8301,4722.2206,113.556,2030.5,25.461,27621.7559
2023-05-11,4130.6201,17393.1634,13389.7803,4733.8561,113.2892,2014.7,24.255,27000.7891
2023-05-12,4124.0801,17365.3921,13340.1797,4711.7333,113.1273,2014.5,23.992,26804.9902
2023-05-15,4136.2798,17274.4984,13413.5098,4684.4691,113.8037,2018.0,24.127,27192.6934
2023-05-16,4109.8999,17286.9343,13426.0098,4692.5565,112.8225,1988.4,23.737,27036.6504
2023-05-17,4158.77,17332.1529,13589.2598,4697.4782,113.8989,1980.7,23.752,27398.8027
2023-05-18,4198.0498,17518.41,13834.6201,4697.4782,114.6325,1956.5,23.495,26832.209
2023-05-19,4191.98,17537.3677,13803.4902,4736.11,114.6897,1978.7,23.92,26890.1289
2023-05-22,4192.6299,17558.8118,13849.7402,4746.4556,114.7659,1974.8,23.715,26851.2773
2023-05-23,4145.5801,17462.9303,13672.54,4694.5665,113.394,1972.4,23.474,27225.7266
2023-05-24,4115.2402,17061.5172,13604.4805,4591.9253,112.3271,1962.8,23.115,26334.8184
2023-05-25,4151.2798,16989.8882,13938.5303,4592.9865,112.8034,1943.1,22.786,26476.207
2023-05-26,4205.4502,17141.9061,14298.4102,4651.7241,114.2324,1944.1,23.24,26719.291
2023-05-29,4205.4502,17106.2016,14298.4102,4651.7241,114.2324,1944.1,23.24,27745.8848
2023-05-30,4205.52,17034.7348,14354.9902,4595.282,113.8608,1958.0,23.125,27702.3496
2023-05-31,4179.8301,16812.3005,14254.0898,4527.2516,112.9844,1963.9,23.474,27219.6582
2023-06-01,4221.02,16955.7858,14441.5098,4553.5933,114.3467,1978.0,23.875,26819.9727
2023-06-02,4282.3701,17272.3884,14546.6396,4652.4481,116.0615,1952.4,23.643,27249.5898
2023-06-05,4273.79,17079.159,14556.5,4593.1746,115.709,1958.0,23.534,25760.0977
2023-06-06,4283.8501,17130.7802,14558.0898,4600.9534,116.2044,1965.5,23.574,27238.7832
2023-06-07,4267.52,17074.683,14303.29,4591.506,115.5791,1942.7,23.439,26345.998
2023-06-08,4293.9302,17121.1543,14484.54,4601.7154,116.339,1963.6,24.264,26508.2168
2023-06-09,4298.8599,17198.2617,14528.3604,4625.5594,116.4737,1962.2,24.334,26480.375
2023-06-12,4338.9302,17306.7464,14784.2998,4640.6389,117.3779,1955.3,23.985,25902.5
2023-06-13,4369.0098,17469.0616,14900.8496,4679.2628,118.2628,1944.6,23.756,25918.7285
2023-06-14,4372.5898,17598.2807,15005.6904,4721.3976,118.484,1955.3,24.044,25124.6758
2023-06-15,4425.8398,17663.4536,15185.4805,4733.1202,119.9461,1957.8,23.891,25576.3945
2023-06-16,4409.5898,17904.9772,15083.9199,4810.5471,119.5517,1958.4,24.076,26327.4629
2023-06-19,4409.5898,17727.5408,15083.9199,4773.3666,119.5517,1958.4,24.076,26851.0293
2023-06-20,4388.71,17600.4973,15070.1504,4744.5786,118.5417,1935.5,23.193,28327.4883
2023-06-21,4365.6899,17497.8482,14867.4502,4720.6023,118.2243,1933.3,22.774,30027.2969
2023-06-22,4381.8901,17575.2017,15042.3203,4731.7472,118.2051,1912.7,22.436,29912.2812
2023-06-23,4348.3301,17347.8798,14891.4805,4681.2163,117.147,1919.1,22.328,30695.4688
2023-06-26,4328.8198,17246.7843,14689.0195,4668.6768,116.9065,1923.7,22.805,30271.1309
2023-06-27,4378.4102,17289.6853,14945.9102,4697.2451,118.1185,1914.0,22.939,30688.1641
2023-06-28,4376.8599,17475.6752,14964.5703,4760.6395,118.1377,1912.3,22.868,30086.2461
2023-06-29,4396.4399,17407.1817,14939.9502,4753.5092,118.484,1909.2,22.591,30445.3516
2023-06-30,4450.3799,17549.5859,15179.21,4780.9439,119.7729,1921.1,22.81,30477.252
2023-07-03,4455.5898,17540.4018,15208.6904,4797.284,120.0423,1921.7,22.896,31156.4395
2023-07-04,4455.5898,17503.705,15208.6904,4791.9311,120.0423,1921.7,22.896,30777.582
2023-07-05,4446.8198,17347.9708,15203.7803,4735.7246,119.4267,1919.6,23.197,30514.166
2023-07-06,4411.5898,16858.6904,15089.4502,4584.8331,118.0896,1908.7,22.686,29909.3379
2023-07-07,4398.9502,16993.0961,15036.8496,4613.9271,118.1858,1926.2,23.092,30342.2656
2023-07-10,4409.5298,17193.0233,15045.6396,4669.2735,118.5513,1925.0,23.151,30414.4707
2023-07-11,4439.2598,17378.7596,15119.0596,4717.764,119.4459,1931.3,23.086,30620.9512
2023-07-12,4472.1602,17647.8356,15307.2305,4802.6387,120.7444,1956.2,24.119,30391.6465
2023-07-13,4510.04,17988.4439,15571.9805,4894.4165,122.1392,1959.2,24.768,31476.0488
2023-07-14,4505.4199,18075.4773,15565.5996,4938.4501,121.8121,1960.1,25.014,30334.0684
2023-07-17,4522.79,18041.4879,15713.2803,4891.6974,122.0814,1952.4,24.844,30145.8887
2023-07-18,4554.98,18121.1749,15841.3496,4910.5261,123.0529,1977.2,25.084,29856.5625
2023-07-19,4565.7202,18088.5406,15826.3496,4898.3562,123.2165,1977.5,25.219,29913.9238
2023-07-20,4534.8701,18157.2082,15466.0898,4900.867,122.4758,1968.3,24.805,29792.0156
2023-07-21,4536.3398,18016.7283,15425.6699,4890.7566,122.5431,1964.3,24.698,29908.7441
2023-07-24,4554.6401,18012.9602,15448.0195,4876.2636,122.7259,1960.3,24.436,29176.916
2023-07-25,4567.46,17935.1581,15561.4199,4858.1698,123.0433,1962.1,24.68,29227.3906
2023-07-26,4566.75,17826.0001,15499.2598,4802.6942,123.1299,1968.9,24.825,29354.9727
2023-07-27,4537.4102,18175.2037,15464.9297,4927.0378,122.37,1945.4,24.236,29210.6895
2023-07-28,4582.23,18081.7366,15750.9297,4903.6613,123.5435,1960.4,24.37,29319.2461
2023-07-31,4588.96,18131.4198,15757.0,4929.2903,123.6397,1970.5,24.854,29230.1113
2023-08-01,4576.73,17860.5281,15718.0098,4929.2903,123.0337,1940.7,24.208,29675.7324
2023-08-02,4513.3901,17634.6471,15370.7402,4773.5677,121.1003,1937.4,23.754,29151.959
2023-08-03,4501.8901,17393.9563,15353.54,4711.0523,120.7348,1932.0,23.586,29178.6797
2023-08-04,4478.0298,17469.8129,15274.9199,4745.2227,120.4462,1939.6,23.617,29074.0918
2023-08-07,4518.4399,17550.1011,15407.8496,4772.4099,121.4755,1933.5,23.142,29180.5781
2023-08-08,4499.3799,17357.4045,15273.0498,4719.0896,120.8599,1924.1,22.717,29765.4922
2023-08-09,4467.71,17372.6904,15101.71,4731.3206,120.2443,1915.4,22.65,29561.4941
2023-08-10,4468.8301,17560.4531,15128.8398,4812.655,120.3982,1914.4,22.746,29429.5918
2023-08-11,4464.0498,17386.3336,15028.0703,4745.5331,120.1096,1912.9,22.674,29397.7148
2023-08-14,4489.7202,17406.2338,15205.5898,4739.1732,120.3982,1910.6,22.644,29408.4434
2023-08-15,4437.8599,17201.9198,15037.6504,4678.7799,118.965,1902.5,22.595,29170.3477
2023-08-16,4404.3301,17217.091,14876.4697,4671.6425,118.0223,1896.1,22.48,28701.7793
2023-08-17,4370.3599,17048.4475,14715.8096,4597.7162,117.2047,1884.1,22.67,26664.5508
2023-08-18,4369.71,16936.4594,14694.8398,4581.4351,117.1759,1886.1,22.695,26049.5566
2023-08-21,4399.77,16969.4951,14936.6904,4594.7975,117.8973,1893.3,23.304,26124.1406
2023-08-22,4387.5498,17116.5371,14908.96,4643.1012,117.551,1896.4,23.42,26031.6562
2023-08-23,4436.0098,17060.1226,15148.0596,4627.9256,118.8014,1918.5,24.363,26431.6406
2023-08-24,4376.3101,16973.9771,14816.4404,4598.6399,117.224,1918.2,24.211,26162.373
2023-08-25,4405.71,16881.0156,14941.8301,4574.7841,118.0223,1911.1,24.22,26047.668
2023-08-28,4433.3101,17051.8913,15052.46,4636.0628,118.9265,1917.9,24.238,26106.1504
2023-08-29,4497.6299,17246.0641,15376.5498,4683.6448,120.6194,1936.5,24.777,27727.3926
2023-08-30,4514.8701,17273.2736,15462.4297,4690.4015,121.0907,1944.3,24.734,27297.2656
2023-08-31,4507.6602,17434.22,15501.0703,4697.8355,120.9079,1938.2,24.472,25931.4727
2023-09-01,4515.77,17177.4297,15490.8604,4644.1396,121.11,1939.8,24.232,25800.7246
2023-09-04,4515.77,17052.641,15490.8604,4611.9294,121.11,1939.8,24.232,25812.416
2023-09-05,4496.8301,17024.7293,15508.2402,4608.3333,120.4366,1926.2,23.558,25779.9824
2023-09-06,4465.48,16884.447,15371.4404,4546.0257,119.7056,1918.1,23.206,25753.2363
2023-09-07,4451.1401,16857.013,15258.5195,4526.7083,119.3593,1917.5,22.95,26240.1953
2023-09-08,4457.4902,16838.6878,15280.2305,4532.8691,119.3882,1918.4,22.892,25905.6543
2023-09-11,4487.46,16935.6802,15461.8701,4559.8391,120.3212,1923.3,23.103,25162.6543
2023-09-12,4461.8999,16894.7859,15289.7402,4560.5998,119.7345,1911.3,23.127,25833.3438
2023-09-13,4467.4399,16833.1964,15348.5303,4541.6207,119.7729,1909.1,22.912,26228.3242
2023-09-14,4505.1001,16965.7472,15473.8896,4593.9781,120.9272,1910.0,22.748,26539.6738
2023-09-15,4450.3198,16906.2128,15202.4004,4568.716,119.8691,1923.7,23.126,26608.6934
2023-09-18,4453.5298,16778.1004,15225.3701,4529.615,119.7729,1931.5,23.232,26754.2812
2023-09-19,4443.9502,16749.5144,15191.2305,4536.58,119.5998,1932.0,23.194,27211.1172
2023-09-20,4402.2002,16857.9713,14969.9199,4567.6227,118.7245,1945.6,23.579,27132.0078
2023-09-21,4330.0,16588.7509,14694.2402,4487.685,116.7334,1919.2,23.444,26567.6328
2023-09-22,4320.0601,16586.48,14701.0996,4485.4842,116.5506,1925.4,23.596,26579.5684
2023-09-25,4337.4399,16404.5248,14768.9004,4437.621,116.7623,1916.6,23.145,26298.4805
2023-09-26,4273.5298,16158.4819,14545.8301,4373.4826,115.1078,1900.4,22.95,26217.25
2023-09-27,4274.5098,16084.0582,14580.1602,4366.9724,115.0213,1871.6,22.477,26352.7168
2023-09-28,4299.7002,16097.8049,14702.7695,4371.846,115.9254,1860.4,22.515,27021.5469
2023-09-29,4288.0498,16251.9996,14715.2402,4409.4643,115.5888,1848.1,22.236,26911.7207
2023-10-02,4288.3901,16109.0438,14837.5703,4371.5054,114.9539,1830.0,21.218,27530.7852
2023-10-03,4229.4502,15810.4344,14565.6201,4292.4864,113.4438,1824.6,21.178,27429.9785
2023-10-04,4263.75,15813.0892,14776.25,4293.486,114.1075,1818.5,20.956,27799.3945
2023-10-05,4258.1899,15834.3869,14723.2197,4307.6995,114.3479,1816.6,20.848,27415.9121
2023-10-06,4308.5,16062.2772,14973.2402,4370.9779,115.6657,1830.2,21.54,27946.5977
2023-10-09,4335.6602,15986.59,15047.1504,4345.9471,116.1851,1849.5,21.741,27583.6777
2023-10-10,4358.2402,16316.3494,15131.5195,4448.6605,117.1374,1861.0,21.776,27391.0195
2023-10-11,4376.9502,16395.0182,15241.1201,4454.8607,117.6568,1872.8,21.957,26873.3203
2023-10-12,4349.6099,16387.9877,15184.0996,4460.3181,116.7526,1869.3,21.792,26756.7988
2023-10-13,4327.7798,16001.7905,14995.1201,4358.1226,116.0793,1927.4,22.727,26862.375
2023-10-16,4373.6299,16032.7333,15172.7305,4366.2974,117.2047,1921.1,22.61,28519.4668
2023-10-17,4373.2002,16097.1106,15122.0098,4382.4881,117.1951,1922.7,22.863,28415.748
2023-10-18,4314.6001,15959.9381,14909.2598,4341.15,115.483,1955.3,22.944,28328.3418
2023-10-19,4278.0,15855.4439,14783.1299,4310.6019,114.4441,1968.4,22.887,28719.8066
2023-10-20,4224.1602,15666.3879,14560.8799,4260.7241,113.1648,1982.5,23.351,29682.9492
2023-10-23,4217.04,15673.913,14604.8496,4280.1998,113.0205,1976.3,23.072,33086.2344
2023-10-24,4247.6802,15876.6787,14745.8604,4337.6904,113.7901,1975.0,22.98,33901.5273
2023-10-25,4186.77,15778.7896,14381.6396,4315.8581,112.3184,1984.1,22.877,34502.8203
2023-10-26,4137.23,15566.669,14109.5703,4279.1022,111.1738,1987.2,22.787,34156.6484
2023-10-27,4117.3701,15516.4551,14180.4199,4240.9545,110.6255,1988.6,22.77,33909.8008
2023-10-30,4166.8198,15544.2731,14335.5098,4254.8933,111.9913,1996.2,23.282,34502.3633
2023-10-31,4193.7998,15721.228,14409.7803,4310.8933,112.6454,1985.2,22.841,34667.7812
2023-11-01,4237.8599,15787.4756,14664.9102,4328.6607,113.8093,1978.8,22.685,35437.2539
2023-11-02,4317.7798,16032.6078,14919.5498,4414.3985,116.1178,1985.6,22.751,34938.2422
2023-11-03,4358.3398,16129.6061,15099.4902,4433.1209,117.2817,1991.5,23.201,34732.3242
2023-11-06,4365.98,16244.1463,15154.9297,4463.114,117.2432,1981.6,23.149,35037.3711
2023-11-07,4378.3799,16245.9946,15296.0195,4453.061,117.3394,1966.8,22.508,35443.5625
2023-11-08,4382.7798,16289.7357,15313.2402,4469.3559,117.3682,1951.5,22.647,35655.2773
2023-11-09,4347.3501,16443.2198,15187.9004,4529.6523,116.6853,1964.2,22.831,36693.125
2023-11-10,4415.2402,16251.4021,15529.1201,4477.5659,118.157,1932.6,22.215,37313.9688
2023-11-13,4411.5498,16404.0447,15482.79,4524.2772,118.1954,1945.5,22.299,36502.3555
2023-11-14,4495.7002,16710.2904,15812.4697,4592.9241,120.6771,1961.8,23.079,35537.6406
2023-11-15,4502.8799,17131.3553,15817.1797,4694.5692,120.8695,1960.1,23.485,37880.582
2023-11-16,4508.2402,17135.705,15833.1699,4670.1297,120.8695,1983.9,23.892,36154.7695
2023-11-17,4514.02,17278.2691,15837.9902,4711.3662,121.4851,1981.6,23.809,36596.6836
2023-11-20,4547.3799,17343.6248,16027.0596,4736.2788,122.2257,1977.7,23.579,37476.957
2023-11-21,4538.1899,17404.6383,15933.6201,4741.6753,121.966,1999.3,23.843,35813.8125
2023-11-22,4556.6201,17423.1035,16001.3896,4751.6324,122.3796,1991.4,23.672,37432.3398
2023-11-23,4556.6201,17419.6589,16001.3896,4749.8583,122.3796,1991.4,23.672,37289.6211
2023-11-24,4559.3398,17482.2667,15982.0098,4768.35,122.6586,2002.2,24.329,37720.2812
2023-11-27,4550.4302,17467.911,15961.9805,4763.9162,122.4566,2011.8,24.672,37254.168
2023-11-28,4554.8901,17525.4452,16010.4297,4764.7445,122.5528,2039.7,24.93,37831.0859
2023-11-29,4550.5801,17792.7046,15987.5996,4810.1806,122.572,2047.1,25.072,37858.4922
2023-11-30,4567.7998,17794.3188,15947.8701,4809.1894,122.9086,2038.1,25.293,37712.7461
2023-12-01,4594.6299,17860.2763,15997.5801,4812.6673,123.8513,2071.0,25.499,38688.75
2023-12-04,4569.7798,17861.7422,15839.6699,4807.0623,123.1587,2024.1,24.555,41980.0977
2023-12-05,4567.1802,17918.1851,15877.71,4825.8047,122.9664,2018.5,24.201,44080.6484
2023-12-06,4549.3398,17978.3899,15788.0498,4839.077,122.6778,2030.5,23.889,43746.4453
2023-12-07,4585.5898,17903.9298,16022.4902,4816.7726,123.5627,2029.9,23.732,43292.6641
2023-12-08,4604.3701,18086.7912,16084.6904,4881.6211,124.0052,1998.3,22.971,44166.6016
2023-12-11,4622.4399,18080.4959,16221.7305,4887.8638,124.4765,1978.0,22.773,41243.832
2023-12-12,4643.7002,18078.9616,16354.25,4884.3773,124.8035,1977.8,22.728,41450.2227
2023-12-13,4707.0898,18105.105,16562.3691,4892.0026,126.6503,1982.3,22.639,42890.7422
2023-12-14,4719.5498,18236.6964,16537.8301,4941.3889,127.314,2030.2,24.096,43023.9727
2023-12-15,4719.1899,18415.8663,16623.4492,5001.4733,126.9197,2021.1,23.87,41929.7578
2023-12-18,4740.5601,18141.2149,16729.8008,4925.8904,127.5064,2026.3,23.831,42623.5391
2023-12-19,4768.3701,18291.3055,16811.8496,4954.3928,128.3914,2038.4,24.04,42270.5273
2023-12-20,4698.3501,18374.64,16554.1602,4978.6084,126.6835,2034.5,24.347,43652.25
2023-12-21,4746.75,18265.5638,16757.4102,4952.7798,128.1673,2039.1,24.307,43869.1523
2023-12-22,4754.6299,18387.1321,16777.4004,4976.4142,128.4292,2057.1001,24.29,43997.9023
2023-12-26,4774.75,18387.1321,16878.4609,4976.4142,128.9626,2058.2,24.144,42520.4023
2023-12-27,4781.5801,18488.2886,16906.8008,5000.6954,129.3311,2081.8999,24.375,43442.8555
2023-12-28,4783.3501,18553.1562,16898.4707,5014.8634,129.2535,2073.8999,24.134,42627.8555
2023-12-29,4769.8301,18541.0367,16825.9297,5004.6487,129.0014,2062.3999,23.853,42099.4023
2024-01-02,4742.8301,18511.2693,16543.9395,5004.6487,127.9249,2064.3999,23.733,44957.9688
2024-01-03,4704.8101,18095.9051,16368.4902,4867.0356,126.8969,2034.2,22.946,42848.1758
2024-01-04,4688.6802,18158.9876,16282.0098,4889.094,126.7514,2042.3,22.989,44179.9219
2024-01-05,4697.2402,18166.3253,16305.9805,4886.377,126.9066,2042.4,23.122,44162.6914
2024-01-08,4763.54,18291.5571,16649.8691,4908.1181,128.5843,2026.6,23.12,46970.5039
2024-01-09,4756.5,18276.5949,16678.6992,4892.3116,128.0703,2026.4,22.904,46139.7305
2024-01-10,4783.4502,18246.0126,16793.0508,4885.6795,128.8171,2021.7,22.884,46627.7773
2024-01-11,4780.2402,18160.5988,16820.9004,4875.4649,128.8074,2014.3,22.537,46368.5859
2024-01-12,4783.8301,18344.3623,16832.9199,4919.8008,128.9141,2046.7,23.162,42853.168
2024-01-15,4783.8301,18194.1987,16832.9199,4875.9632,128.9141,2046.7,23.162,42511.9688
2024-01-16,4765.98,18138.8779,16830.7109,4867.0201,128.0219,2026.0,22.933,43154.9453
2024-01-17,4739.21,17875.6889,16736.2793,4790.0181,127.1878,2002.6,22.516,42742.6523
2024-01-18,4780.9399,18034.8442,16982.2891,4847.4899,128.2546,2018.6,22.667,41262.0586
2024-01-19,4839.8101,18010.5644,17314.0,4839.9461,129.5929,2026.5,22.571,41618.4062
2024-01-22,4850.4302,18172.0106,17330.3809,4880.0974,129.8935,2019.8,22.163,39507.3672
2024-01-23,4864.6001,18090.6216,17404.2109,4859.0037,130.0584,2023.7,22.334,39845.5508
2024-01-24,4868.5498,18338.8746,17499.3008,4955.6563,130.3591,2013.9,22.755,40077.0742
2024-01-25,4894.1602,18397.6845,17516.9902,4986.2997,130.873,2016.9,22.808,39933.8086
2024-01-26,4890.9702,18398.0991,17421.0098,5028.116,130.9894,2016.8,22.755,41816.8711
2024-01-29,4927.9302,18370.7744,17596.2695,5030.6981,131.998,2025.2,23.138,43288.2461
2024-01-30,4924.9702,18388.6324,17476.7109,5051.789,131.8816,2031.5,23.107,42952.6094
2024-01-31,4845.6499,18329.4225,17137.2402,5040.4458,130.1457,2048.3999,23.051,42582.6055
2024-02-01,4906.1899,18214.371,17344.7109,5011.5065,131.6489,2053.0,23.13,43075.7734
2024-02-02,4958.6099,18397.959,17642.7305,5061.6591,132.3277,2036.1,22.701,43185.8594
2024-02-05,4942.8101,18222.651,17613.0391,5018.4014,131.7362,2025.7,22.335,42658.668
2024-02-06,4954.23,18296.8189,17572.7305,5038.8534,132.2501,2034.5,22.393,43084.6719
2024-02-07,4995.0601,18203.291,17755.0703,5033.1324,133.0066,2035.2,22.278,44318.2227
2024-02-08,4997.9102,18279.7926,17783.1699,5076.2167,133.0842,2032.2,22.565,45301.5664
2024-02-09,5026.6099,18242.1212,17962.4102,5082.4136,133.7339,2023.3,22.528,47147.1992
2024-02-12,5021.8398,18397.2755,17882.6602,5125.2051,133.8309,2018.2,22.709,49958.2227
2024-02-13,4953.1699,18184.4758,17600.4199,5051.416,131.8234,1992.9,22.096,49742.4414
2024-02-14,5000.6201,18146.7993,17807.6309,5043.0718,133.2296,1990.3,22.331,51826.6953
2024-02-15,5029.73,18294.7589,17845.7207,5090.44,134.3643,2002.1,22.912,51938.5547
2024-02-16,5005.5698,18442.1369,17685.9805,5134.4577,133.8697,2011.5,23.439,52160.2031
2024-02-19,5005.5698,18433.8784,17685.9805,5136.9363,133.8697,2011.5,23.439,51779.1445
2024-02-20,4975.5098,18391.9103,17546.0996,5129.3904,133.4527,2027.5,23.106,52284.875
2024-02-21,4981.7998,18510.0777,17478.9102,5163.614,133.5399,2022.3,22.851,51839.1797
2024-02-22,5087.0298,18795.5263,18004.6992,5253.6951,135.945,2019.7,22.765,51304.9727
2024-02-23,5088.7998,18857.5998,17937.6094,5274.8855,136.0905,2038.6,22.969,50731.9492
2024-02-26,5069.5298,18852.025,17933.3301,5263.1868,135.5668,2028.5,22.517,54522.4023
2024-02-27,5078.1802,19050.425,17971.0508,5301.4826,135.9159,2034.0,22.523,57085.3711
2024-02-28,5069.7598,19088.1915,17874.5,5296.3564,135.4892,2033.0,22.41,62504.7891
2024-02-29,5096.27,19161.0646,18043.8496,5286.9253,136.042,2045.7,22.666,61198.3828
2024-03-01,5137.0801,19162.6907,18302.9102,5288.8815,137.2639,2086.8999,23.15,62440.6328
2024-03-04,5130.9502,19209.101,18226.4805,5326.9288,137.0991,2117.7,23.779,68330.4141
2024-03-05,5078.6499,19211.9154,17897.8691,5311.5107,136.0323,2133.5,23.763,63801.1992
2024-03-06,5104.7598,19233.2533,18017.5703,5336.2539,137.0506,2150.3,24.272,66106.8047
2024-03-07,5157.3599,19447.8835,18297.9902,5421.6707,138.5247,2158.0,24.37,66925.4844
2024-03-08,5123.6899,19507.1457,18018.4492,5432.487,137.7876,2178.6001,24.339,68300.0938
2024-03-11,5117.9399,19419.6629,17951.6895,5395.3363,137.39,2182.5,24.512,72123.9062
2024-03-12,5175.27,19638.292,18219.1094,5447.3111,138.835,2160.3999,24.194,71481.2891
2024-03-13,5165.3101,19627.7799,18068.4707,5464.4847,138.7089,2175.3999,24.959,73083.5
2024-03-14,5150.48,19656.0469,18014.8105,5470.1142,138.0979,2163.0,24.874,71396.5938
2024-03-15,5117.0898,19521.1856,17808.25,5426.4882,137.4579,2157.3,25.2,69403.7734
2024-03-18,5149.4199,19515.3762,17985.0098,5422.5265,137.8749,2160.7,25.091,67548.5938
2024-03-19,5178.5098,19559.4868,18032.1992,5445.5815,138.5538,2156.3,24.964,61912.7734
2024-03-20,5224.6201,19570.3889,18240.1094,5431.9901,139.8533,2157.8999,24.933,67913.6719
2024-03-21,5241.5298,19883.0281,18320.3809,5525.8178,140.2994,2182.3999,24.849,65491.3906
2024-03-22,5234.1802,19775.9512,18339.4395,5465.0173,140.0375,2158.1001,24.692,63778.7617
2024-03-25,5218.1899,19735.983,18277.0605,5451.5281,139.6496,2174.8,24.745,69958.8125
2024-03-26,5203.5801,19925.3781,18210.5391,5488.6742,139.4654,2175.6001,24.483,69987.8359
2024-03-27,5248.4902,20015.0463,18280.8398,5504.7233,140.5322,2190.6001,24.625,69455.3438
2024-03-28,5254.3501,19996.6377,18254.6895,5496.8966,140.5322,2217.3999,24.797,70744.9531
2024-04-01,5243.77,19996.6377,18293.1992,5496.8966,140.1345,2236.5,24.954,69702.1484
2024-04-02,5205.8101,19630.9956,18121.7793,5413.7051,139.1647,2261.0,25.804,65446.9727
2024-04-03,5211.4902,19779.3752,18160.1895,5458.8481,139.5817,2294.3999,26.945,65980.8125
2024-04-04,5147.21,19945.9509,17878.7793,5495.8651,138.001,2288.8,27.14,68508.8438
2024-04-05,5204.3398,19696.3884,18108.4609,5434.5118,139.2229,2325.7,27.4,67837.6406
2024-04-08,5202.3901,19840.3265,18100.1895,5465.1147,139.3781,2331.7,27.712,71631.3594
2024-04-09,5209.9102,19637.904,18169.9004,5421.9448,139.4848,2343.5,27.891,69139.0156
2024-04-10,5160.6401,19652.3952,18011.6602,5430.5496,137.9428,2329.6001,27.961,70587.8828
2024-04-11,5199.0601,19286.192,18307.9805,5335.0665,138.8932,2354.8,28.176,70060.6094
2024-04-12,5123.4102,19233.5878,18003.4902,5315.1653,136.7306,2356.2,28.255,67195.8672
2024-04-15,5061.8198,19197.6362,17706.8301,5308.2855,135.3341,2365.8,28.651,63426.2109
2024-04-16,5051.4102,18877.952,17713.6602,5224.6708,134.7813,2390.8,28.318,63811.8633
2024-04-17,5022.21,18874.3585,17493.6191,5219.5243,134.3352,2371.7,28.346,61276.6914
2024-04-18,5011.1201,19031.433,17394.3105,5267.023,133.9376,2382.3,28.329,63512.7539
2024-04-19,4967.23,18879.9744,17037.6504,5234.9061,133.1617,2398.3999,28.808,63843.5703
2024-04-22,5010.6001,19036.4941,17210.8906,5261.8199,134.3255,2332.2,27.213,66837.6797
2024-04-23,5070.5498,19323.9479,17471.4707,5335.7305,135.8287,2327.7,27.331,66407.2734
2024-04-24,5071.6299,19362.769,17526.8008,5341.3399,135.722,2324.5,27.324,64276.8984
2024-04-25,5048.4199,19171.2719,17430.5,5284.6807,135.2371,2329.8,27.342,64481.707
2024-04-26,5099.96,19486.0634,17718.3008,5372.1571,136.5463,2334.8,27.241,63755.3203
2024-04-29,5116.1699,19399.0445,17782.7207,5333.1866,136.9633,2345.3999,27.373,63841.1211
2024-04-30,5035.6899,19215.5782,17440.6895,5273.4327,134.9655,2291.3999,26.391,60636.8555
2024-05-01,5018.3901,19215.5782,17318.5508,5273.4327,134.4128,2299.8999,26.489,58254.0117
2024-05-02,5064.2002,19187.8411,17541.5391,5243.4971,135.8481,2299.2,26.583,59123.4336
2024-05-03,5127.79,19321.2414,17890.8008,5282.2585,137.4967,2299.0,26.445,62889.8359
2024-05-06,5180.7402,19553.1184,18093.5703,5332.7593,138.8447,2321.6001,27.369,63161.9492
2024-05-07,5187.7002,19844.5711,18091.4492,5401.0896,138.9902,2315.2,27.303,62334.8164
2024-05-08,5187.6699,19886.6688,18085.0098,5416.2804,138.9805,2313.6001,27.361,61187.9414
2024-05-09,5214.0801,20082.3215,18113.4609,5416.2804,139.7854,2332.1001,28.132,63049.9609
2024-05-10,5222.6802,20246.8166,18161.1797,5484.3397,140.0182,2367.3,28.275,60792.7773
2024-05-13,5221.4199,20186.134,18198.6094,5470.2465,139.9309,2336.1001,28.221,62901.4492
2024-05-14,5246.6802,20201.6458,18322.7695,5483.4322,140.7552,2353.3999,28.485,61552.7891
2024-05-15,5308.1499,20406.3674,18596.6504,5516.3949,142.365,2388.7,29.514,66267.4922
2024-05-16,5297.1001,20406.2003,18557.9609,5523.7996,142.0159,2380.0,29.665,65231.582
2024-05-17,5303.27,20327.5774,18546.2305,5503.603,142.2971,2412.2,31.047,67051.875
2024-05-20,5308.1299,20412.1373,18674.1895,5503.603,142.3456,2433.8999,32.205,71448.1953
2024-05-21,5321.4102,20338.8142,18713.8008,5481.45,142.5784,2421.7,31.868,70136.5312
2024-05-22,5307.0098,20277.6747,18705.1992,5454.9076,141.8898,2389.2,31.295,69122.3359
2024-05-23,5267.8398,20233.7371,18623.3906,5453.3053,140.9104,2335.0,30.284,67929.5625
2024-05-24,5304.7202,20212.5454,18808.3496,5444.6288,141.8898,2332.5,30.33,68526.1016
2024-05-27,5304.7202,20366.1194,18808.3496,5488.0352,141.8898,2332.5,30.33,69394.5547
2024-05-28,5306.04,20287.6988,18869.4395,5463.9117,141.9189,2355.2,31.971,68296.2188
2024-05-29,5266.9502,20046.9768,18736.75,5386.0013,140.4449,2340.3,32.203,67578.0938
2024-05-30,5235.48,19979.8978,18538.6602,5381.6611,140.2606,2342.8999,31.388,68364.9922
2024-05-31,5277.5098,20043.2765,18536.6504,5400.0109,141.308,2322.8999,30.297,67491.4141
2024-06-03,5283.3999,20195.5288,18600.9707,5430.3669,141.6474,2346.6001,30.641,68804.7812
2024-06-04,5291.3398,20075.7415,18654.8398,5402.8317,141.6183,2325.5,29.488,70567.7656
2024-06-05,5354.0298,20214.0888,19035.0508,5479.738,143.1021,2354.1001,29.948,71082.8203
2024-06-06,5352.96,20283.902,19021.1895,5512.397,143.1894,2370.3,31.247,70757.1641
2024-06-07,5346.9902,20217.0912,19000.9492,5503.1154,142.5881,2305.2,29.335,69342.5859
2024-06-10,5360.79,19935.4253,19074.6699,5407.2048,142.9081,2307.7,29.769,69512.2812
2024-06-11,5375.3198,19773.8854,19210.1797,5344.5531,142.7116,2307.5,29.133,67332.0312
2024-06-12,5421.0298,20010.1582,19465.1797,5407.1443,144.0413,2336.0,30.176,68241.1875
2024-06-13,5433.7402,19750.952,19576.9199,5336.8298,143.7284,2300.2,28.99,66756.3984
2024-06-14,5431.6001,19332.0659,19659.8008,5196.6712,143.308,2331.3999,29.402,66011.0938
2024-06-17,5473.23,19336.9046,19902.75,5223.1079,144.1781,2312.3999,29.325,66490.2969
2024-06-18,5487.0298,19474.9643,19908.8594,5279.5478,144.6572,2330.3999,29.505,65140.7461
2024-06-19,5487.0298,19409.0774,19908.8594,5248.0935,144.6572,2330.3999,29.505,64960.2969
2024-06-20,5473.1699,19626.0403,19752.3008,5319.5679,144.4225,2353.8,30.776,64828.6562
2024-06-21,5464.6201,19446.6073,19700.4297,5253.956,143.9435,2316.3999,29.573,64096.1992
2024-06-24,5447.8701,19585.936,19474.6191,5291.4875,143.9826,2330.0,29.489,60277.4141
2024-06-25,5469.2998,19509.536,19701.1309,5297.6403,144.4812,2316.6001,28.837,61804.6406
2024-06-26,5477.8999,19443.5715,19751.0508,5264.7846,144.403,2299.2,28.909,60811.2773
2024-06-27,5482.8701,19449.0672,19789.0293,5236.0305,144.4421,2324.5,28.918,61604.8008
2024-06-28,5460.48,19527.3811,19682.8691,5240.748,144.1977,2327.7,29.237,60320.1367
2024-07-01,5475.0898,19635.4953,19812.2207,5292.4716,144.5105,2327.6001,29.3,62851.9805
2024-07-02,5509.0098,19502.9371,20011.8906,5267.9767,145.2634,2323.0,29.353,62029.0156
2024-07-03,5537.02,19749.7022,20186.6309,5337.4465,146.2508,2359.8,30.548,60173.9219
2024-07-04,5537.02,19914.1719,20186.6309,5383.1408,146.2508,2359.8,30.548,56977.7031
2024-07-05,5567.1899,19973.2419,20391.9707,5383.0661,147.1405,2388.5,31.388,56662.375
2024-07-08,5572.8501,19997.8906,20439.5391,5380.3511,146.9841,2355.2,30.618,56705.0977
2024-07-09,5576.98,19751.527,20453.0195,5311.0868,147.072,2360.1001,30.772,58009.2266
2024-07-10,5633.9102,19907.0152,20675.3809,5362.9008,148.6266,2372.2,30.727,57742.4961
2024-07-11,5584.54,20079.0395,20211.3594,5390.7892,147.8933,2415.0,31.394,57344.9141
2024-07-12,5615.3501,20384.4388,20331.4902,5483.1527,148.9981,2414.0,30.886,57899.4648
2024-07-15,5631.2202,20237.1866,20386.8809,5424.3837,149.0079,2422.8999,30.672,64870.1523
2024-07-16,5667.2002,20187.54,20398.6191,5393.9064,149.878,2462.3999,31.195,65097.1484
2024-07-17,5588.27,20101.285,19799.1406,5332.919,148.2159,2454.8,30.137,64118.793
2024-07-18,5544.5898,20080.4766,19705.0898,5328.0094,146.8863,2451.8,29.995,63974.0664
2024-07-19,5505.0,19810.2374,19522.6191,5262.4447,145.8499,2395.5,29.088,66710.1562
2024-07-22,5564.4102,20062.202,19822.8691,5337.8092,147.4045,2392.0,29.124,67585.25
2024-07-23,5555.7402,20208.9736,19754.3398,5354.2994,146.9352,2404.6001,29.132,65927.6719
2024-07-24,5427.1299,19951.6715,19032.3906,5275.4666,143.9435,2413.3,29.116,65372.1328
2024-07-25,5399.2202,19834.9362,18830.5801,5215.1967,143.2298,2351.8999,27.807,65777.2266
2024-07-26,5459.1001,19985.4057,19023.6602,5276.4364,144.8234,2380.0,27.86,67912.0625
2024-07-29,5463.54,19884.8093,19059.4902,5226.5073,144.7745,2377.3,27.703,66819.9141
2024-07-30,5436.4399,19919.9135,18796.2695,5237.7035,144.3639,2405.0,28.365,66201.0156
2024-07-31,5522.2998,20019.0899,19362.4297,5270.607,146.6223,2426.5,28.778,64619.25
2024-08-01,5446.6802,19572.9426,18890.3906,5270.607,144.0217,2435.0,28.331,65357.5
2024-08-02,5346.5601,19052.2231,18440.8496,5004.0455,141.3917,2425.7,28.246,61415.0664
2024-08-05,5186.3301,18918.2993,17895.1602,4987.9981,137.5397,2401.7,27.076,53991.457
2024-08-06,5240.0298,19004.6859,18077.9199,5010.3157,138.5956,2389.1001,27.096,56034.3164
2024-08-07,5199.5,19246.6932,17867.3691,5100.4231,138.0285,2390.5,26.83,55027.4609
2024-08-08,5319.3101,19321.3632,18413.8203,5102.0579,140.9616,2422.2,27.5,61710.1367
2024-08-09,5344.1602,19345.8013,18513.0996,5103.4047,141.7926,2432.1001,27.487,60880.1133
2024-08-12,5344.3901,19346.3388,18542.0293,5098.8024,141.6655,2462.3999,27.917,59354.5156
2024-08-13,5434.4302,19479.7074,19006.4297,5134.4827,144.1292,2466.7,27.695,60609.5664
2024-08-14,5455.21,19668.77,19022.6797,5198.9355,144.5692,2439.3999,27.254,58737.2695
2024-08-15,5543.2202,20025.5948,19490.1504,5294.9009,146.7396,2453.1001,28.342,57560.0977
2024-08-16,5554.25,20104.6795,19508.5195,5311.373,147.3458,2498.6001,28.778,58894.1055
2024-08-19,5608.25,20309.9009,19766.4902,5370.7266,148.8221,2501.8,29.24,59493.4531
2024-08-20,5597.1201,20352.0175,19719.8203,5385.3438,148.607,2511.3,29.455,59012.793
2024-08-21,5620.8501,20529.8566,19824.8398,5436.3038,149.4576,2508.3999,29.476,61175.1914
2024-08-22,5570.6401,20630.0447,19491.8398,5449.3938,148.1084,2478.8999,29.006,60381.9141
2024-08-23,5634.6099,20714.7222,19720.8691,5457.6383,150.3668,2508.3999,29.786,64094.3555
2024-08-26,5616.8398,20828.6002,19516.4395,5478.3848,149.9366,2517.7,29.977,62880.6602
2024-08-27,5625.7998,20857.6829,19581.5195,5469.3411,150.1615,2516.0,29.951,59504.1328
2024-08-28,5592.1802,20994.7128,19350.7793,5491.7507,149.4478,2501.0,29.176,59027.625
2024-08-29,5591.96,21040.1502,19325.4492,5524.9533,149.5456,2525.7,29.557,59388.1797
2024-08-30,5648.3999,20949.7268,19574.6406,5493.6672,150.7383,2493.8,28.731,59119.4766
2024-09-02,5648.3999,20908.8243,19574.6406,5492.677,150.7383,2493.8,28.731,59112.4805
2024-09-03,5528.9302,20748.2808,18958.7402,5436.9099,147.6391,2489.8999,27.951,57431.0234
2024-09-04,5520.0698,20541.8909,18921.4004,5356.6907,147.3556,2493.3999,28.167,57971.5391
2024-09-05,5503.4102,20583.6065,18930.3301,5335.405,146.8374,2511.3999,28.72,56160.4883
2024-09-06,5408.4199,20335.4458,18421.3105,5264.5114,144.4519,2493.5,27.808,53948.7539
2024-09-09,5471.0498,20448.7676,18660.7793,5298.2021,145.9966,2501.8,28.291,57019.5352
2024-09-10,5495.52,20161.059,18829.1406,5239.7352,146.3975,2512.3,28.257,57648.7109
2024-09-11,5554.1299,20201.7597,19237.3008,5249.9337,147.8346,2512.1001,28.563,57343.1719
2024-09-12,5595.7598,20390.436,19423.0703,5300.741,148.959,2551.2,29.743,58127.0117
2024-09-13,5626.02,20714.9663,19514.5898,5366.1129,149.7216,2581.3,30.699,60571.3008
2024-09-16,5633.0898,20661.2145,19423.0605,5353.0892,150.2397,2580.3999,30.771,58192.5078
2024-09-17,5634.5801,20841.2594,19432.4004,5409.8227,149.9953,2564.3,30.619,60308.5391
2024-09-18,5618.2598,20812.9764,19344.4902,5378.352,149.5945,2570.7,30.341,61649.6797
2024-09-19,5713.6401,21120.7979,19839.8301,5494.4761,152.1853,2588.0,31.094,62940.457
2024-09-20,5702.5498,20895.2007,19791.4902,5437.5937,151.6476,2619.8999,31.176,63192.9766
2024-09-23,5718.5698,21034.5971,19852.1992,5452.7056,152.1071,2626.5,30.767,63329.8008
2024-09-24,5732.9302,21108.5394,19944.8398,5489.9939,152.5862,2651.2,32.111,64301.9688
2024-09-25,5722.2598,21172.0537,19972.6094,5502.5854,152.2048,2659.2,31.698,63143.1445
2024-09-26,5745.3701,21414.2624,20115.5391,5601.7874,153.5932,2669.8999,32.025,65181.0195
2024-09-27,5738.1699,21766.0274,20008.6191,5663.9802,153.1239,2644.3,31.519,65790.6641
2024-09-30,5762.48,21585.5891,20060.6895,5585.4104,153.4074,2636.1001,31.164,63329.5
2024-10-01,5708.75,21396.9103,19773.3008,5517.2397,152.1364,2667.3,31.445,60837.0078
2024-10-02,5709.54,21203.6969,19802.5898,5491.3368,152.156,2647.1001,31.628,60632.7852
2024-10-03,5699.9399,21009.1815,19793.3398,5437.333,151.5791,2657.1001,32.189,60759.4023
2024-10-04,5751.0698,21101.0516,20035.0195,5468.0627,152.8501,2645.8,32.128,62067.4766
2024-10-07,5695.9399,20965.8696,19800.7402,5454.0278,151.54,2644.8,31.745,62236.6602
2024-10-08,5751.1299,20926.8693,20107.7793,5431.8955,152.5862,2615.0,30.355,62131.9688
2024-10-09,5792.04,21133.717,20268.8594,5468.7409,153.3976,2606.0,30.425,60582.1016
2024-10-10,5780.0498,21023.0912,20241.7598,5439.1989,153.1434,2620.6001,31.005,60274.5
2024-10-11,5815.0298,21183.0756,20271.9707,5471.2163,154.0233,2657.6001,31.52,62445.0898
2024-10-14,5859.8501,21313.5471,20439.0508,5507.4947,155.001,2647.8,31.083,66046.125
2024-10-15,5815.2598,21257.8152,20159.8301,5396.4718,153.4661,2661.3999,31.527,67041.1094
2024-10-16,5842.4702,21150.8981,20174.0508,5342.6973,154.0918,2674.0,31.76,67612.7188
2024-10-17,5841.4702,21272.422,20190.4199,5373.9953,154.1798,2691.0,31.573,67399.8359
2024-10-18,5864.6699,21288.0322,20324.0391,5399.9025,154.8641,2713.7,33.032,68418.7891
2024-10-21,5853.98,21151.6267,20361.4707,5370.4243,154.1895,2723.1001,33.869,67367.8516
2024-10-22,5851.2002,21010.2887,20390.4609,5343.2608,153.9451,2744.2,34.831,67361.4062
2024-10-23,5797.4199,20922.5396,20066.9609,5315.0102,152.4102,2714.3999,33.64,66432.1953
2024-10-24,5809.8599,20960.5427,20232.8691,5320.6663,152.9088,2734.8999,33.611,68161.0547
2024-10-25,5808.1201,21067.6836,20352.0195,5350.4751,152.6644,2740.8999,33.603,66642.4141
2024-10-28,5823.52,21087.4508,20351.0703,5365.7122,153.339,2742.8999,33.83,69907.7578
2024-10-29,5832.9199,21068.9892,20550.6504,5354.325,153.339,2768.3999,34.269,72720.4922
2024-10-30,5813.6699,20837.6679,20387.6992,5286.6926,152.7817,2788.5,33.914,72339.5391
2024-10-31,5705.4502,20716.6398,19890.4199,5242.4094,150.2984,2738.3,32.653,70215.1875
2024-11-01,5728.7998,20961.2121,20033.1406,5309.9822,150.9045,2738.6001,32.542,69482.4688
2024-11-04,5712.6899,20822.3866,19963.5996,5276.4308,150.6992,2736.1001,32.48,67811.5078
2024-11-05,5782.7598,20939.3769,20227.4609,5296.0246,152.4786,2740.3,32.655,69359.5625
2024-11-06,5929.04,20818.456,20781.3301,5249.229,154.825,2667.6001,31.221,75639.0781
2024-11-07,5973.1001,20781.9262,21101.5703,5207.6422,156.3404,2698.3999,31.765,75904.8594
2024-11-08,5995.54,20743.4425,21117.1797,5184.662,156.3111,2687.5,31.359,76545.4766
2024-11-11,6001.3501,20838.9763,21106.5898,5201.0435,156.6729,2611.2,30.54,88701.4844
2024-11-12,5983.9902,20298.2196,21070.7891,5059.9231,155.6267,2600.0,30.686,87955.8125
2024-11-13,5985.3799,20175.0799,21036.1602,5032.6888,155.4214,2580.8,30.59,90584.1641
2024-11-14,5949.1699,20350.4118,20896.6699,5106.2011,154.7762,2568.2,30.508,87250.4297
2024-11-15,5870.6201,20229.1456,20394.1309,5049.0176,153.163,2565.7,30.371,91066.0078
2024-11-18,5893.6201,20213.4034,20539.1895,5046.0117,153.8767,2610.6001,31.163,90542.6406
2024-11-19,5916.98,20194.2169,20684.5898,5033.8828,154.3264,2627.1001,31.208,92343.7891
2024-11-20,5917.1099,20159.5169,20667.0996,5017.0889,154.2384,2648.2,30.956,94339.4922
2024-11-21,5948.71,20191.9091,20740.7793,5015.5874,155.0303,2672.1001,30.912,98504.7266
2024-11-22,5969.3398,20229.4787,20776.2305,5013.8514,155.7049,2709.8999,31.309,98997.6641
2024-11-25,5987.3701,20336.4031,20804.8906,5030.2031,156.1938,2616.8,30.21,93102.2969
2024-11-26,6021.6299,20153.3012,20922.9004,4973.5655,156.4773,2620.3,30.388,91985.3203
2024-11-27,5998.7402,20207.8839,20744.4902,4965.6414,156.2818,2639.8999,30.111,95962.5312
2024-11-28,5998.7402,20518.3324,20744.4902,5026.3006,156.2818,2639.8999,30.111,95652.4688
2024-11-29,6032.3799,20731.4356,20930.3691,5074.8918,157.543,2657.0,30.685,97461.5234
2024-12-02,6047.1499,21020.1508,21164.5996,5110.9131,157.9438,2634.8999,30.449,95865.3047
2024-12-03,6049.8799,21020.0372,21229.3203,5123.0323,158.11,2644.7,31.077,96002.1641
2024-12-04,6086.4902,21265.6512,21492.3594,5170.2964,159.0291,2653.8,31.505,98768.5312
2024-12-05,6075.1099,21405.5309,21425.2207,5206.1613,159.0388,2626.6001,31.134,96593.5703
2024-12-06,6090.27,21578.3227,21622.25,5269.2763,159.3126,2638.6001,31.186,99920.7109
2024-12-09,6052.8501,21496.4504,21440.8203,5267.3694,158.4033,2664.8999,32.216,97432.7188
2024-12-10,6034.9102,21457.8436,21368.1797,5226.6629,157.7287,2697.6001,32.363,96675.4297
2024-12-11,6084.1899,21486.3702,21763.9805,5223.6676,158.9606,2733.8,32.562,101173.0312
2024-12-12,6051.25,21461.576,21615.2695,5217.2079,157.934,2687.5,31.228,100043.0
2024-12-13,6051.0898,21373.2748,21780.25,5203.4589,157.7483,2656.0,30.655,101459.2578
2024-12-16,6074.0801,21349.9214,22096.6602,5199.3542,158.0905,2651.3999,30.697,106029.7188
2024-12-17,6050.6099,21293.8111,22001.0801,5198.2835,157.5028,2644.3999,30.573,106140.6016
2024-12-18,5872.1602,21244.6811,21209.3203,5202.6905,152.9549,2636.5,30.41,100041.5391
2024-12-19,5867.0801,20669.3085,21110.5098,5049.8881,152.7383,2592.2,29.094,97490.9531
2024-12-20,5930.8501,20610.4434,21289.1504,5039.7285,153.9196,2628.7,29.66,97755.9297
2024-12-23,5974.0698,20708.3733,21503.1699,5063.0992,154.9434,2612.3,29.888,94686.2422
2024-12-24,6040.04,20708.3733,21797.6504,5063.0992,156.292,2620.0,29.974,98676.0938
2024-12-26,6037.5898,20708.3733,21768.3105,5063.0992,156.5775,2638.8,30.047,95795.5156
2024-12-27,5970.8398,20830.0189,21473.0195,5106.1912,155.1403,2617.2,29.655,94164.8594
2024-12-30,5906.9399,20763.9944,21197.0898,5078.3557,153.6833,2606.1001,29.106,92643.2109
2024-12-31,5881.6299,20763.9944,21012.1699,5078.3557,153.073,2629.2,28.94,93429.2031
2025-01-02,5868.5498,20729.2489,20975.6191,5078.3557,152.7777,2658.8999,29.622,96886.875
2025-01-03,5942.4702,20439.9719,21326.1602,5002.1051,154.5299,2645.0,29.806,98107.4297
2025-01-06,5975.3799,20833.4856,21559.5,5138.9059,155.2977,2638.3999,30.342,102078.0859
2025-01-07,5909.0298,21126.4746,21173.0391,5205.4629,153.9688,2656.7,30.447,96922.7031
2025-01-08,5918.25,21032.4227,21180.9707,5169.036,153.9885,2664.5,30.452,95043.5234
2025-01-09,5918.25,20956.4824,21180.9707,5175.8247,153.9885,2683.8,30.791,92484.0391
2025-01-10,5827.04,20816.3837,20847.5801,5125.3836,151.8425,2708.5,31.091,94701.4531
2025-01-13,5836.2202,20624.9599,20784.7207,5075.3065,151.8228,2673.5,30.091,94516.5234
2025-01-14,5842.9102,20809.0348,20757.4102,5112.5791,152.0197,2677.5,30.132,96534.0469
2025-01-15,5949.9102,21205.9832,21237.8496,5186.719,154.6579,2712.5,31.319,100504.4922
2025-01-16,5937.3398,21265.2788,21091.25,5257.7216,154.6874,2746.3999,31.523,99756.9062
2025-01-17,5996.6602,21534.5685,21441.1602,5303.7527,155.9277,2744.3,30.951,104462.0391
2025-01-20,5996.6602,21572.5543,21441.1602,5307.6947,155.9277,2744.3,30.951,102016.6641
2025-01-21,6049.2402,21927.2,21566.5098,5383.2828,157.7686,2755.0,31.311,106146.2656
2025-01-22,6086.3701,22117.0548,21853.0,5417.153,158.3789,2767.6001,31.239,103653.0703
2025-01-23,6118.71,22289.7442,21900.9297,5431.5009,159.3436,2763.1001,30.673,103960.1719
2025-01-24,6101.2402,22284.9917,21774.0098,5436.5039,159.2157,2777.3,31.023,104819.4844
2025-01-27,6012.2798,22277.3057,21127.2793,5431.0551,157.4831,2737.5,30.254,102087.6875
2025-01-28,6067.7002,22384.3787,21463.0391,5426.9525,158.4183,2766.8,30.727,101332.4766
2025-01-29,6039.3101,22565.8895,21411.4609,5455.0821,157.9064,2769.1001,31.238,103703.2109
2025-01-30,6071.1699,22651.1392,21508.1191,5506.8337,159.0286,2823.0,32.364,104735.3047
2025-01-31,6040.5298,22595.4201,21478.0508,5496.9065,158.1525,2812.5,32.128,102405.0234
2025-02-03,5994.5698,21959.2149,21297.5801,5347.2058,156.8826,2833.8999,32.392,101405.4219
2025-02-04,6037.8799,22209.7496,21566.9199,5436.9412,158.1328,2853.3,32.888,97871.8203
2025-02-05,6061.48,22390.6498,21658.1602,5467.6267,159.0286,2871.6001,32.857,96615.4453
2025-02-06,6083.5698,22780.3749,21774.0703,5571.3495,159.5306,2856.0,32.518,96593.2969
2025-02-07,6025.9902,22627.3801,21491.3105,5530.8142,158.0934,2867.3,32.335,96529.0859
2025-02-10,6066.4399,22594.5466,21756.7305,5525.2734,159.1566,2914.3,32.392,97437.5547
2025-02-11,6068.5,22702.3271,21693.5195,5553.4599,159.442,2912.5,32.231,95747.4297
2025-02-12,6051.9702,22956.321,21719.2598,5602.9289,159.3042,2909.0,32.695,97885.8594
2025-02-13,6115.0698,23498.3799,22030.7109,5716.1121,160.9974,2925.8999,32.65,96623.8672
2025-02-14,6114.6299,23552.8054,22114.6895,5747.0157,161.0072,2883.6001,32.801,97508.9688
2025-02-17,6114.6299,23913.4113,22114.6895,5789.8696,161.0072,2883.6001,32.801,95773.3828
2025-02-18,6129.5801,23953.2984,22164.6094,5802.4346,161.529,2931.6001,33.317,95539.5469
2025-02-19,6144.1499,23439.4153,22175.5996,5706.0148,161.4699,2919.3999,32.993,96635.6094
2025-02-20,6117.52,23254.1174,22068.0605,5690.9441,161.1549,2940.0,33.444,98333.9375
2025-02-21,6013.1299,23403.1916,21614.0801,5748.9004,158.7628,2937.6001,32.976,96125.5469
2025-02-24,5983.25,23490.766,21352.0801,5712.7172,158.123,2947.8999,32.575,91418.1719
2025-02-25,5955.25,23444.1555,21087.25,5699.2359,157.9064,2904.5,31.801,88736.1719
2025-02-26,5956.0601,23988.7488,21132.9199,5817.7122,158.0048,2916.8,32.253,84347.0234
2025-02-27,5861.5698,23653.1267,20550.9492,5740.0463,155.5931,2883.2,31.801,84704.2266
2025-02-28,5954.5,23442.4773,20884.4102,5679.4143,157.5028,2836.8,31.219,84373.0078
2025-03-03,5849.7202,24104.9519,20425.5801,5769.9897,155.8195,2890.2,32.032,86065.6719
2025-03-04,5778.1499,23409.7447,20352.5293,5648.6148,154.5103,2909.6001,32.108,87222.1953
2025-03-05,5842.6299,24528.1941,20628.4609,5833.2842,156.7547,2915.3,32.858,90623.5625
2025-03-06,5738.52,25281.1858,20052.6309,5959.3138,154.0476,2916.6001,33.063,89961.7266
2025-03-07,5770.2002,24821.9333,20201.3691,5899.2946,155.1796,2904.7,32.548,86742.6719
2025-03-10,5614.5601,24567.693,19430.9492,5850.5799,150.9467,2891.0,32.275,78532.0
2025-03-11,5572.0698,24203.0551,19376.9609,5755.615,150.0509,2912.8999,32.888,82862.2109
2025-03-12,5599.2998,24749.4212,19596.0195,5849.3624,150.8089,2939.1001,33.484,83722.3594
2025-03-13,5521.52,24567.1524,19225.4805,5800.6185,148.8795,2984.3,34.051,81066.7031
2025-03-14,5638.9399,24953.6677,19704.6406,5866.5842,152.0493,2994.5,34.187,83969.1016
2025-03-17,5675.1201,25195.1246,19812.2402,5925.4525,153.4373,3000.0,34.074,84075.6875
2025-03-18,5614.6602,25529.7978,19483.3594,5989.1789,152.1182,3035.1001,34.579,82718.5
2025-03-19,5675.29,25475.933,19736.6602,6024.7667,153.4963,3035.8999,33.975,86854.2266
2025-03-20,5662.8901,25096.4617,19677.6094,5948.0049,152.9057,3040.0,33.786,84167.1953
2025-03-21,5667.5601,24852.8152,19753.9707,5888.4909,152.8072,3018.2,33.29,84043.2422
2025-03-24,5767.5698,24762.5987,20180.4492,5868.4212,154.9631,3013.1001,33.265,87498.9141
2025-03-25,5776.6499,24966.8214,20287.8301,5915.0408,155.3174,3023.7,34.002,87471.7031
2025-03-26,5712.2002,24637.5732,19916.9902,5837.8535,153.5455,3020.8999,34.033,86900.8828
2025-03-27,5693.3101,24361.6414,19798.6191,5780.3891,153.1518,3060.2,34.897,87177.1016
2025-03-28,5580.9399,24260.6913,19281.4004,5758.446,150.4939,3086.5,34.644,84353.1484
2025-03-31,5611.8501,23989.5761,19278.4492,5680.8135,150.7892,3122.8,34.457,82548.9141
2025-04-01,5633.0698,24385.7362,19436.4199,5755.9689,151.2027,3118.8999,34.158,85169.1719
2025-04-02,5670.9702,24173.1235,19581.7793,5726.1382,152.2166,3139.8999,34.499,82485.7109
2025-04-03,5396.52,23690.8375,18521.4707,5577.9206,145.9657,3097.0,31.844,83102.8281
2025-04-04,5074.0801,22796.1881,17397.6992,5387.4808,137.0767,3012.0,29.116,83843.8047
2025-04-07,5062.25,21737.9957,17430.6797,5114.8546,135.856,2951.3,29.51,79235.3359
2025-04-08,4982.77,22136.637,17090.4004,5210.6115,134.1727,2968.3999,29.592,76271.9531
2025-04-09,5456.8999,21599.5005,19145.0605,5075.3151,146.1626,3056.5,30.323,82573.9531
2025-04-10,5268.0498,22520.4311,18343.5703,5277.7113,141.851,3155.2,30.671,79626.1406
2025-04-11,5363.3599,22936.8313,18690.0508,5389.386,144.6269,3222.2,31.824,83404.8359
2025-04-14,5405.9702,23769.3609,18796.0195,5571.0595,145.9559,3204.8,32.092,84542.3906
2025-04-15,5396.6299,24100.9894,18830.2305,5636.3028,146.1331,3218.7,32.227,83668.9922
2025-04-16,5275.7002,24065.8357,18257.6406,5608.5056,143.7607,3326.6001,32.926,84033.8672
2025-04-17,5282.7002,24167.8742,18258.0898,5624.7035,144.3808,3308.7,32.42,84895.75
2025-04-21,5158.2002,24167.8742,17808.3008,5624.7035,141.7328,3406.2,32.496,87518.9062
2025-04-22,5287.7598,24514.7697,18276.4102,5712.008,145.0798,3400.8,32.88,93441.8906
2025-04-23,5375.8599,24929.5881,18693.2598,5787.7089,146.891,3276.3,33.518,93699.1094
2025-04-24,5484.77,24993.2138,19214.4004,5793.9102,149.7261,3332.0,33.482,93943.7969
2025-04-25,5525.21,25293.9064,19432.5605,5861.2175,150.6613,3282.3999,32.989,94720.5
2025-04-28,5528.75,25263.071,19427.2891,5864.9604,151.055,3332.5,32.99,94978.75
2025-04-29,5560.8301,25585.9507,19544.9492,5889.2855,151.7736,3318.8,33.275,94284.7891
2025-04-30,5569.0601,25622.402,19571.0195,5877.1103,151.8721,3305.0,32.531,94207.3125
2025-05-01,5604.1401,25622.402,19786.7109,5877.1103,152.3643,3210.0,32.189,96492.3359
2025-05-02,5686.6699,26079.8318,20102.6094,5970.4142,154.7563,3231.8999,31.989,96910.0703
2025-05-05,5650.3799,26433.5647,19967.9395,5982.1202,154.1854,3311.3,32.205,94748.0547
2025-05-06,5606.9102,26303.188,19791.3496,5954.656,153.2798,3411.3999,33.113,96802.4766
2025-05-07,5631.2798,26219.8694,19867.9707,5932.4766,153.5948,3381.3999,32.531,97032.3203
2025-05-08,5663.9399,26403.0317,20063.5605,5979.7844,154.1755,3296.6001,32.378,103241.4609
2025-05-09,5659.9102,26376.1704,20061.4492,5959.7729,154.3331,3335.3999,32.676,102970.8516
2025-05-12,5844.1899,26464.3896,20868.1504,6055.4293,158.123,3220.0,32.388,102812.9531
2025-05-13,5886.5498,26228.348,21197.6992,6009.5977,159.0975,3240.3,32.868,104169.8125
2025-05-14,5892.5801,26316.2701,21319.2109,6044.0484,159.0975,3181.3999,32.226,103539.4141
2025-05-15,5916.9302,26496.2434,21335.8203,6051.7502,159.9736,3220.7,32.481,103744.6406
2025-05-16,5958.3799,26602.1561,21427.9395,6074.8678,160.958,3182.0,32.158,103489.2891
2025-05-19,5963.6001,26777.4015,21447.0508,6071.7458,161.3715,3228.8999,32.313,105606.1797
2025-05-20,5940.46,27000.795,21367.3691,6127.4427,161.2041,3280.3,32.98,106791.0859
2025-05-21,5844.6099,27229.2571,21080.3594,6156.9699,159.0877,3309.3,33.463,109678.0781
2025-05-22,5842.0098,27193.9094,21112.4707,6146.58,158.9695,3292.3,33.047,111673.2812
2025-05-23,5802.8198,26658.5217,20915.6602,6009.0595,158.4478,3363.6001,33.442,107287.7969
2025-05-26,5802.8198,27326.1946,20915.6602,6136.0074,158.4478,3363.6001,33.442,109440.3672
2025-05-27,5921.54,27590.3002,21414.9902,6167.3769,161.273,3299.1001,33.146,108994.6406
2025-05-28,5888.5498,27252.3307,21318.1699,6097.5335,160.2296,3293.6001,33.0,107802.3281
2025-05-29,5912.1699,26885.8315,21363.9492,6097.5335,160.8005,3317.1001,33.283,105641.7578
2025-05-30,5911.6899,27305.2367,21340.9902,6106.308,160.7611,3288.8999,32.892,103998.5703
2025-06-02,5935.9399,27169.2437,21491.75,6080.3361,161.8833,3370.6001,34.563,105881.5312
2025-06-03,5970.3701,27593.1976,21662.5801,6157.0273,162.346,3350.2,34.503,105432.4688
2025-06-04,5970.8101,27637.473,21721.9199,6153.4737,162.5429,3373.5,34.519,104731.9844
2025-06-05,5939.2998,27782.5003,21547.4297,6179.9538,161.8735,3350.7,35.689,101575.9531
2025-06-06,6000.3599,27837.928,21761.7891,6219.6269,163.2615,3322.7,36.025,104390.3438
2025-06-09,6005.8799,27577.6813,21797.8691,6219.6269,163.3402,3332.1001,36.688,110294.1016
2025-06-10,6038.8101,27413.1008,21941.9199,6188.7225,163.9506,3320.8999,36.542,110257.2344
2025-06-11,6022.2402,27391.4595,21860.8008,6168.3937,163.5765,3321.3,36.166,108686.625
2025-06-12,6045.2598,27359.3545,21913.3203,6169.9465,164.364,3380.8999,36.213,105929.0547
2025-06-13,5976.9702,27279.4265,21631.0391,6137.0802,162.4248,3431.2,36.281,106090.9688
2025-06-16,6033.1099,27388.3254,21937.5703,6170.7726,163.8344,3396.3999,36.379,106796.7578
2025-06-17,5982.7202,27070.1745,21719.0801,6109.1372,162.3266,3386.6001,37.09,104601.1172
2025-06-18,5980.8701,26774.998,21719.6895,6047.8023,162.3662,3389.8,36.866,104883.3281
2025-06-19,5980.8701,26464.1038,21719.6895,5964.8898,162.3662,3389.8,36.866,104684.2891
2025-06-20,5967.8398,26882.9731,21626.3906,6025.3051,161.7115,3368.1001,35.976,103309.6016
2025-06-23,6025.1699,26761.369,21856.3301,6005.6355,163.1697,3377.7,36.153,105577.7734
2025-06-24,6092.1802,27421.9746,22190.5195,6144.095,165.0743,3317.3999,35.701,106045.6328
2025-06-25,6092.1602,27286.8334,22237.7402,6098.7617,164.7867,3327.1001,36.085,107361.2578
2025-06-26,6141.02,27631.2381,22447.2891,6126.9903,166.354,3333.5,36.586,106960.0
2025-06-27,6173.0698,28100.156,22534.1992,6226.8524,167.2368,3273.7,36.037,107088.4297
2025-06-30,6204.9502,28039.8831,22679.0098,6219.3503,168.0205,3294.3999,35.852,107135.3359
2025-07-01,6198.0098,27904.1087,22478.1309,6226.4903,167.7923,3336.7,36.082,105698.2812
2025-07-02,6227.4199,28085.5067,22641.8906,6279.036,168.5065,3348.0,36.426,108859.3203
2025-07-03,6279.3501,28242.8609,22866.9707,6305.0478,169.4985,3331.6001,36.784,109647.9766
2025-07-04,6279.3501,28001.3763,22866.9707,6225.7184,169.4985,3332.5,36.775,108034.3359
2025-07-07,6229.98,28360.668,22685.5703,6292.7524,168.1098,3332.2,36.615,108299.8516
2025-07-08,6225.52,28410.5331,22702.25,6304.81,168.199,3307.0,36.472,108950.2734
2025-07-09,6263.2598,28783.2948,22864.9102,6384.7883,169.3299,3311.6001,36.351,111326.5547
2025-07-10,6280.46,28690.6983,22829.2598,6379.7266,169.6572,3317.3999,37.038,115987.2031
2025-07-11,6259.75,28385.3829,22780.5996,6300.1519,168.7446,3356.0,38.676,117516.9922
2025-07-14,6268.5601,28224.7171,22855.6309,6274.2842,169.0918,3351.5,38.462,119849.7031
2025-07-15,6243.7598,28069.45,22884.5898,6246.3341,168.1098,3329.8,37.834,117777.1875
2025-07-16,6263.7002,27868.6291,22907.9707,6149.6772,168.6355,3352.5,37.853,118738.5078
2025-07-17,6297.3599,28357.4145,23081.0508,6256.7194,169.5779,3340.1001,38.056,119289.8438
2025-07-18,6296.79,28213.4348,23065.4707,6225.0036,169.439,3353.0,38.223,118003.2266
2025-07-21,6305.6001,28271.786,23180.0605,6214.2844,169.8457,3401.8999,39.101,117439.5391
2025-07-22,6309.6201,28115.8932,23063.5801,6186.9722,170.1433,3439.2,39.32,119995.4141
2025-07-23,6358.9102,28456.6777,23162.4102,6273.6986,172.0975,3394.1001,39.278,118754.9609
2025-07-24,6363.3501,28606.6704,23219.8691,6305.3544,171.9586,3371.0,39.021,118368.0
2025-07-25,6388.6401,28470.4118,23272.25,6292.0699,172.3554,3334.0,38.167,117635.8828
2025-07-28,6389.77,28181.5245,23356.2695,6275.2978,171.6114,3309.1001,38.026,117924.4766
2025-07-29,6370.8599,28084.2949,23308.3008,6238.1278,171.2444,3323.3999,38.084,117922.1484
2025-07-30,6362.8999,28025.1578,23345.4102,6229.6328,170.7583,3295.8,37.566,117831.1875
2025-07-31,6339.3901,27505.2811,23218.1191,6080.3254,169.7267,3293.2,36.552,115758.2031
2025-08-01,6238.0098,26761.2208,22763.3105,6080.3254,167.6039,3347.7,36.787,113320.0859
2025-08-04,6329.9399,27527.2755,23188.6094,6074.1084,170.0441,3374.3999,37.192,115071.8828
2025-08-05,6299.1899,27623.5963,23018.5605,6081.1928,169.4688,3381.8999,37.687,114141.4453
2025-08-06,6345.0601,27702.4144,23315.0391,6094.4512,170.8079,3380.0,37.766,115028.0
2025-08-07,6340.0,28216.1179,23389.5293,6218.8823,170.9667,3400.3,38.158,117496.8984
2025-08-08,6389.4502,28214.1253,23611.2695,6244.3691,172.2364,3439.1001,38.417,116688.7266
2025-08-11,6373.4502,28049.831,23526.6309,6210.5138,171.7106,3353.1001,37.662,118731.4453
2025-08-12,6445.7598,27913.069,23839.1992,6199.5701,173.7144,3348.8999,37.899,120172.9062
2025-08-13,6466.5801,28241.6558,23849.0391,6291.8913,174.3592,3358.7,38.499,123344.0625
2025-08-14,6468.54,28553.1055,23832.4395,6365.6063,174.1906,3335.2,37.982,118359.5781
2025-08-15,6449.7998,28381.8629,23712.0703,6348.3636,174.3096,3336.0,37.894,117398.3516
2025-08-18,6449.1499,28464.2967,23713.7598,6362.1088,174.1112,3331.7,37.951,116252.3125
2025-08-19,6411.3701,28497.6658,23384.7695,6398.0766,173.3871,3313.3999,37.261,112831.1797
2025-08-20,6395.7798,28264.5301,23249.5703,6371.1634,173.268,3343.3999,37.705,114274.7422
2025-08-21,6370.1699,28305.9971,23142.5801,6364.3735,172.5637,3336.8999,38.027,112419.0312
2025-08-22,6466.9102,28292.9856,23498.1191,6373.5106,175.1429,3374.3999,39.003,116874.0859
2025-08-25,6439.3198,28422.8562,23425.6094,6374.6604,174.0815,3373.8,38.677,110124.3516
2025-08-26,6465.9399,28061.8895,23525.2891,6255.0017,174.5278,3388.6001,38.582,111802.6562
2025-08-27,6481.3999,27988.3743,23565.8496,6277.2159,174.7957,3404.6001,38.689,111222.0625
2025-08-28,6501.8599,28001.5852,23703.4492,6286.0856,175.5,3431.8,39.19,112544.8047
2025-08-29,6460.2598,27921.5118,23415.4199,6251.6556,174.4683,3473.7,40.2,108410.8359
2025-09-01,6460.2598,28103.975,23415.4199,6275.0848,174.4683,3473.7,40.2,109250.5938
2025-09-02,6415.54,27517.5512,23231.1094,6198.9364,173.149,3549.3999,41.071,111200.5859
2025-09-03,6448.2598,27454.9713,23414.8398,6196.1952,173.7938,3593.2,41.542,111723.2109
2025-09-04,6502.0801,27717.2705,23633.0098,6234.5035,175.2421,3565.8,40.911,110723.6016
2025-09-05,6481.5,27506.7966,23652.4395,6199.3215,175.0139,3613.2,41.074,110650.9844
2025-09-08,6495.1499,27885.6938,23762.3008,6281.5498,175.8372,3638.1001,41.426,112071.4297
2025-09-09,6512.6099,27914.5659,23839.8008,6318.6372,176.1348,3643.3,40.878,111530.5469
2025-09-10,6532.04,27657.049,23849.2695,6274.3944,176.4324,3643.6001,41.133,113955.3594
2025-09-11,6587.4702,27741.4136,23992.5605,6304.3714,178.0295,3636.8999,41.697,115507.5391
2025-09-12,6584.29,27809.182,24092.1895,6325.8622,177.8113,3649.3999,42.387,116101.5781
2025-09-15,6615.2798,27849.0796,24293.7793,6379.6803,178.7338,3682.2,42.517,115444.875
2025-09-16,6606.7598,27443.9051,24274.25,6319.8444,178.5652,3688.8999,42.471,116843.1875
2025-09-17,6600.3501,27730.6358,24223.6895,6374.5903,178.1188,3681.8,41.722,116468.5078
2025-09-18,6631.96,27998.306,24454.8906,6453.244,179.0512,3643.7,41.707,117137.2031
2025-09-19,6664.3599,27873.3759,24626.25,6436.057,179.5869,3671.5,42.536,115688.8594
2025-09-22,6693.75,27613.5839,24761.0703,6387.3071,180.2515,3740.7,43.799,112748.5078
2025-09-23,6656.9199,27863.9212,24580.1699,6458.0118,179.5175,3780.6001,44.192,112014.5
2025-09-24,6637.9702,27961.0717,24503.5703,6456.0856,178.714,3732.1001,43.777,113328.6328
2025-09-25,6604.7202,27640.8833,24397.3105,6394.8443,177.9005,3736.8999,44.697,109049.2891
2025-09-26,6643.7002,27686.7744,24503.8496,6414.1682,178.8528,3775.3,46.221,109712.8281
2025-09-29,6661.21,27801.2653,24611.3496,6447.5473,179.4778,3820.8999,46.612,114400.3828
2025-09-30,6688.46,28015.5323,24679.9902,6487.4412,180.1027,3840.8,46.253,114056.0859
2025-10-01,6711.2002,28299.3802,24800.8594,6550.0239,180.8963,3867.5,47.29,118648.9297
2025-10-02,6715.3501,28657.5763,24892.7598,6624.8268,181.1741,3839.7,46.0,120681.2578
2025-10-03,6715.79,28584.4291,24785.5195,6626.696,181.5411,3880.8,47.597,122266.5312
2025-10-06,6740.2798,28553.0271,24978.5605,6592.6284,182.1363,3948.5,48.082,124752.5312
2025-10-07,6714.5898,28556.4482,24840.2305,6573.7105,181.1542,3976.6001,47.179,121451.3828
2025-10-08,6753.7202,28666.9807,25136.6191,6584.5363,182.047,4043.3,48.656,123354.8672
2025-10-09,6735.1099,28627.7185,25098.1797,6543.6315,181.2038,3946.3,46.85,121705.5859
2025-10-10,6552.5098,28038.7487,24221.7402,6397.7698,176.7697,3975.8999,46.938,113214.3672
2025-10-13,6654.7202,28295.8732,24750.25,6460.4416,179.2,4108.6001,50.13,115271.0781
2025-10-14,6644.3101,28034.4926,24579.3203,6421.9701,179.3191,4138.7002,50.314,113118.6641
2025-10-15,6671.0601,28055.8875,24745.3594,6503.1092,180.0531,4176.8999,51.073,110783.1641
2025-10-16,6629.0698,28268.1792,24657.2402,6582.5139,179.4282,4280.2002,53.023,108186.0391
2025-10-17,6664.0098,27881.3087,24817.9492,6560.423,180.1821,4189.8999,49.864,106467.7891
2025-10-20,6735.1299,28279.5936,25141.0195,6622.5201,181.7692,4336.3999,51.119,110588.9297
2025-10-21,6735.3501,28330.9211,25127.1309,6621.9869,181.3923,4087.7,47.45,108476.8906
2025-10-22,6699.3999,28016.2524,24879.0098,6541.7032,180.5293,4044.3999,47.461,107688.5859
2025-10-23,6738.4399,28101.5381,25097.4102,6580.0637,181.6899,4125.5,48.482,110069.7266
2025-10-24,6791.6899,28162.0154,25358.1602,6592.66,182.8108,4118.3999,48.377,111033.9219
2025-10-27,6875.1602,28275.2278,25821.5508,6642.9302,184.765,4001.8999,46.562,114119.3281
2025-10-28,6890.8901,28288.8586,26012.1504,6646.5673,185.142,3966.2,47.125,112956.1641
2025-10-29,6890.5898,28123.6795,26119.8496,6651.7564,184.7154,3983.7,47.721,110055.3047
2025-10-30,6822.3398,27985.9974,25734.8105,6612.9593,183.1679,4001.3,48.428,108305.5469
2025-10-31,6840.2002,27725.6647,25858.1309,6552.3772,183.5449,3982.2,47.994,109556.1641
2025-11-03,6851.9702,27819.9451,25972.9395,6547.0636,183.8722,4000.3,47.888,106547.5234
2025-11-04,6771.5498,27587.3258,25435.6992,6520.0665,181.6105,3947.7,47.13,101590.5234
2025-11-05,6796.29,27622.4246,25620.0293,6511.3016,182.4339,3980.3,47.863,103891.8359
2025-11-06,6720.3198,27286.4431,25130.0391,6451.0417,180.7078,3979.8999,47.794,101301.2891
2025-11-07,6728.7998,27221.447,25059.8105,6428.9031,181.0947,3999.3999,48.017,103372.4062
2025-11-10,6832.4302,27659.1212,25611.7402,6538.9837,183.6837,4111.7998,50.177,105996.5938
2025-11-11,6846.6099,27839.102,25533.4902,6617.3178,184.269,4106.7998,50.618,102997.4688
2025-11-12,6850.9199,28251.9844,25517.3301,6706.0376,184.7452,4204.3999,53.332,101663.1875
2025-11-13,6737.4902,27869.4937,24993.4609,6657.1494,181.7593,4186.8999,53.074,99697.4922
2025-11-14,6734.1099,27773.119,25008.2402,6622.973,181.7196,4087.6001,50.59,94397.7891
2025-11-17,6672.4102,27401.2034,24799.9199,6552.1466,179.825,4068.3,50.625,92093.875
2025-11-18,6617.3198,26867.5635,24503.0996,6415.0464,178.3271,4061.3,50.45,92948.875
2025-11-19,6642.1602,26825.3892,24640.5195,6418.3464,178.6148,4077.7,50.79,91465.9922
2025-11-20,6538.7598,26865.378,24054.3809,6428.067,175.8769,4056.5,50.247,86631.8984
2025-11-21,6602.9902,26635.4489,24239.5703,6361.412,177.7418,4076.7,49.873,85090.6875
2025-11-24,6705.1201,26742.7474,24873.8496,6362.1791,179.7059,4091.8999,50.295,88270.5625
2025-11-25,6765.8799,27031.427,25018.3594,6421.1854,181.7494,4139.2002,50.934,87341.8906
2025-11-26,6812.6099,27438.9892,25236.9395,6540.5866,183.2473,4165.2002,52.916,90518.3672
2025-11-27,6812.6099,27575.9198,25236.9395,6558.8866,183.2473,4165.2002,52.916,91285.375
2025-11-28,6849.0898,27650.3222,25434.8906,6574.9931,184.1698,4218.2998,56.446,90919.2656
2025-12-01,6812.6299,27367.2078,25342.8496,6575.1076,183.3465,4239.2998,58.418,86321.5703
2025-12-02,6829.3701,27522.7624,25555.8594,6600.3134,183.7929,4186.6001,57.983,91350.2031
2025-12-03,6849.7202,27550.8257,25606.5391,6621.5812,184.5666,4199.2998,57.921,93527.8047
2025-12-04,6857.1201,27862.7851,25581.6992,6671.1934,184.7551,4211.7998,56.847,92141.625
2025-12-05,6870.3999,27975.4821,25692.0508,6664.2571,185.0824,4212.8999,58.422,89387.7578
2025-12-08,6846.5098,27990.0951,25627.9492,6664.7151,184.4178,4187.2002,57.779,90640.2031
2025-12-09,6840.5098,28128.8112,25668.6895,6656.9493,184.388,4206.7002,60.169,92691.7109
2025-12-10,6886.6802,28059.2829,25776.4395,6637.5808,185.628,4196.3999,60.379,92020.9453
2025-12-11,6901.0,28427.7126,25686.6895,6732.8483,186.3422,4285.5,63.929,92511.3359
2025-12-12,6827.4102,28393.5648,25196.7305,6715.7883,184.5964,4300.1001,61.362,90270.4141
2025-12-15,6816.5098,28440.196,25067.2695,6752.1009,184.765,4306.7002,62.94,86419.7812
2025-12-16,6800.2598,28301.422,25132.9395,6721.0866,184.19,4304.5,62.7,87843.9844
2025-12-17,6721.4302,28152.4951,24647.6094,6675.6781,182.29,4347.5,66.237,86143.7578
2025-12-18,6774.7598,28415.8419,25019.3691,6742.103,183.67,4339.5,64.592,85462.5078
2025-12-19,6834.5,28479.7683,25346.1797,6754.3944,185.18,4361.3999,66.845,88103.3828
2025-12-22,6878.4902,28431.9009,25461.6992,6724.7661,186.29,4444.6001,67.906,88490.0156
2025-12-23,6909.79,28638.3958,25587.8301,6764.5744,187.21,4482.7998,70.485,87414.0
2025-12-24,6932.0498,28638.3958,25656.1504,6764.5744,187.72,4480.6001,71.031,87611.9609
2025-12-26,6929.9399,28638.3958,25644.3906,6764.5744,187.81,4529.1001,76.486,87301.4297
2025-12-29,6905.7402,28667.9363,25525.5605,6771.3378,187.1,4325.1001,69.856,87138.1406
2025-12-30,6896.2402,28832.2615,25462.5605,6823.8194,187.01,4370.1001,77.374,88430.1328
2025-12-31,6845.5,28832.2615,25249.8496,6823.8194,185.77,4325.6001,70.134,87508.8281
2026-01-02,6858.4702,28834.8699,25206.1699,6823.8194,186.51,4314.3999,70.556,89944.6953
2026-01-05,6902.0498,29107.9749,25401.3203,6933.4823,188.01,4436.8999,76.164,93882.5547
2026-01-06,6944.8198,29161.0919,25639.7109,6949.0636,188.98,4482.2002,80.53,93729.0312
2026-01-07,6920.9302,29363.529,25653.9004,6923.6174,188.22,4449.2998,77.135,91308.0547
2026-01-08,6921.46,29340.7983,25507.0996,6894.3479,188.24,4449.7002,74.716,91027.125
2026-01-09,6966.2798,29449.6797,25766.2598,6991.7698,189.53,4490.2998,78.884,90513.1016
2026-01-12,6977.27,29530.4464,25787.6602,6993.1762,190.05,4604.2998,84.61,91192.9922
2026-01-13,6963.7402,29658.2298,25741.9492,7034.9898,189.53,4589.2002,85.877,95321.7812
2026-01-14,6926.6001,29439.5749,25465.9395,6991.3958,188.93,4626.2998,90.869,96929.3281
2026-01-15,6944.4702,29526.2165,25547.0703,7035.7078,189.25,4616.2998,91.876,95551.1875
2026-01-16,6940.0098,29367.4602,25529.2598,6999.5937,189.21,4588.3999,88.091,95525.1172
2026-01-19,6940.0098,29014.7419,25529.2598,6888.7261,189.21,4588.3999,88.091,92553.5938
2026-01-20,6796.8599,28752.3054,24987.5703,6857.8743,185.64,4759.6001,94.206,88310.9062
2026-01-21,6875.6201,28804.7886,25326.5801,6899.3627,187.66,4831.7998,92.21,89376.9609
2026-01-22,6913.3501,29014.8838,25518.3496,6952.6193,188.56,4908.7998,95.976,89462.4531
2026-01-23,6915.6099,29269.8159,25605.4707,6991.8777,188.86,4976.2002,100.925,89503.875
2026-01-26,6950.23,29566.7866,25713.2109,7065.0315,189.91,5079.7002,115.08,88267.1406
2026-01-27,6978.6001,29565.8416,25939.7402,7119.4651,191.29,5079.8999,105.523,89102.5703
2026-01-28,6978.0298,29831.1399,26022.7891,7130.3077,190.79,5301.6001,113.111,89184.5703
2026-01-29,6969.0098,29117.3111,25884.3008,7057.2419,190.8,5318.3999,114.037,84561.5859
2026-01-30,6939.0298,29362.4786,25552.3906,7116.989,189.63,4713.8999,78.29,84128.6562
2026-02-02,6976.4399,29383.0343,25738.6094,7118.4082,190.66,4622.5,76.778,78688.7656
2026-02-03,6917.8101,29238.1453,25338.6191,7073.7424,189.44,4903.7002,83.042,75633.5469
2026-02-04,6882.7202,29071.2964,24891.2402,7054.7914,188.98,4920.3999,84.165,73019.7031
2026-02-05,6798.3999,28903.4646,24548.6895,6993.2972,186.46,4861.3999,76.529,62702.0977
2026-02-06,6932.2998,29116.614,25075.7695,7064.8371,190.24,4951.2002,76.735,70555.3906
2026-02-09,6964.8198,29582.0391,25268.1406,7165.2529,191.84,5050.8999,82.065,70120.7812
2026-02-10,6941.8101,29745.6703,25127.6406,7198.4528,191.6,5003.7998,80.218,68793.9609
2026-02-11,6941.4702,29553.0119,25201.2598,7176.1452,191.83,5071.6001,83.754,66991.9688
2026-02-12,6832.7598,29515.2085,24687.6094,7139.0454,189.02,4923.7002,75.546,66221.8438
2026-02-13,6836.1699,29570.1004,24732.7305,7103.5399,189.4,5022.0,77.851,68857.8438
2026-02-16,6836.1699,29432.3928,24732.7305,7095.4146,189.4,5022.0,77.851,68843.1562
2026-02-17,6843.2202,29622.8169,24701.5996,7135.8231,189.46,4882.8999,73.447,67494.2188
2026-02-18,6881.3101,29959.3613,24898.8691,7233.6239,190.41,4986.5,77.509,66425.3203
2026-02-19,6861.8901,29523.4621,24797.3398,7143.5887,189.89,4975.8999,77.565,66957.5234
2026-02-20,6909.5098,29729.6494,25012.6191,7216.0223,191.19,5059.2998,82.283,68005.4219
2026-02-23,6837.75,29577.3462,24708.9395,7235.6649,189.5,5204.7002,86.523,64616.7383
2026-02-24,6890.0698,29468.3922,24977.0391,7213.8224,190.77,5155.7998,87.457,64080.043
2026-02-25,6946.1299,29645.2572,25329.0391,7269.2284,192.37,5206.3999,90.939,67960.125
2026-02-26,6908.8599,29879.3915,25034.3691,7279.9843,191.68,5176.5,86.998,67453.7734
2026-02-27,6878.8799,29843.0901,24960.0391,7245.1845,190.84,5230.5,92.682,65881.7969
2026-03-02,6881.6201,28972.931,24992.5996,7040.3002,190.18,5294.3999,88.284,68775.8516
2026-03-03,6816.6299,27828.5767,24720.0801,6751.351,187.21,5107.3999,82.923,68293.6484
2026-03-04,6869.5,28107.8531,25093.6797,6817.4553,188.82,5120.2002,82.633,72710.5781
2026-03-05,6830.71,27711.0974,25020.4102,6728.7502,187.09,5065.2998,81.687,70841.125
2026-03-06,6740.02,27384.621,24643.0195,6639.6972,184.98,5146.1001,83.816,68136.4922
2026-03-09,6795.9902,26975.2244,24967.25,6551.2039,186.45,5091.5,84.032,68402.3828
2026-03-10,6781.48,27844.9216,24956.4707,6781.1774,186.36,5229.7002,89.083,69926.9219
2026-03-11,6775.7998,27449.1461,24965.0098,6728.3767,186.02,5167.3999,85.065,70204.8828
2026-03-12,6672.6201,27230.0334,24533.5801,6636.0657,183.15,5115.7998,84.67,70493.4609
2026-03-13,6632.1899,27015.1834,24380.7305,6586.487,181.75,5052.5,80.914,70968.2656
2026-03-16,6699.3799,26945.6945,24655.3398,6562.6184,184.04,4994.0,80.263,74861.0859
2026-03-17,6716.0898,27289.4654,24780.4199,6634.3719,184.49,5001.0,79.53,73922.4766
2026-03-18,6624.7002,27120.3788,24425.0898,6620.0278,181.77,4889.8999,77.238,71245.5781
2026-03-19,6606.4902,26184.3498,24355.2793,6435.9597,181.36,4600.7002,70.902,69912.7891
2026-03-20,6506.48,25910.7926,23898.1504,6369.1382,178.0,4570.3999,69.36,70522.5859
2026-03-23,6581.0,26188.221,24188.5898,6444.0022,180.54,4404.1001,69.049,70914.8594
2026-03-24,6556.3701,26274.9387,24002.4492,6478.2717,179.85,4399.2998,69.274,70517.8594
2026-03-25,6591.8999,26663.8954,24162.9805,6561.5116,181.19,4549.7998,72.361,71309.8828
2026-03-26,6477.1602,26143.9776,23586.9902,6435.0481,178.04,4375.5,67.671,68791.625
2026-03-27,6368.8501,25724.1163,23132.7695,6350.9897,175.42,4492.0,69.545,66338.375
2026-03-30,6343.7202,25929.278,22953.3809,6368.6289,174.94,4526.0,70.324,66691.4453
2026-03-31,6528.52,25991.3335,23740.1895,6382.9127,180.02,4647.6001,74.69,68233.3125
2026-04-01,6575.3198,26966.6196,24019.9902,6635.1575,181.81,4783.2002,75.867,68078.5547
2026-04-02,6582.6899,26853.1342,24045.5293,6598.3512,181.72,4651.5,72.735,66888.5703
2026-04-06,6611.8301,26853.1342,24192.1699,6598.3512,182.52,4656.7998,72.661,68859.8281
2026-04-07,6616.8501,26454.2946,24202.3691,6501.4193,182.47,4657.1001,71.826,71940.7031
2026-04-08,6782.8101,28142.0998,24903.1699,6910.7264,187.66,4749.5,75.224,71123.3594
2026-04-09,6824.6602,27757.4268,25082.0898,6874.6968,188.36,4792.2002,76.277,71767.8281
2026-04-10,6816.8901,27829.8082,25116.3398,6928.3672,188.38,4761.8999,76.324,72979.0469
2026-04-13,6886.2402,27719.6551,25383.7207,6894.1997,189.99,4742.3999,75.523,74484.6406
2026-04-14,6967.3799,28297.3058,25842.0,7043.0855,192.0,4825.0,79.391,74181.6094
2026-04-15,7022.9502,28397.2837,26204.5801,7009.2502,193.33,4800.0,79.491,74805.0781
2026-04-16,7041.2798,28524.4084,26333.0,7006.7069,193.38,4785.3999,78.606,75152.1328
2026-04-17,7126.0601,29105.9759,26672.4297,7137.6344,195.79,4857.6001,81.738,77126.875
2026-04-20,7109.1401,28669.4852,26590.3398,7024.3394,195.51,4806.6001,79.951,75872.5234
2026-04-21,7064.0098,28601.7451,26479.4707,6988.4394,193.28,4698.3999,76.411,76352.7734
2026-04-22,7137.8999,28415.1133,26937.2793,6936.4169,194.92,4732.5,77.893,78203.1016
2026-04-23,7108.3999,28276.4595,26782.6309,6900.393,193.82,4705.1001,75.465,78268.9531
2026-04-24,7165.0801,28192.0115,27303.6699,6874.1875,195.27,4722.2998,76.383,77455.3125
2026-04-27,7173.9102,28193.2602,27305.6797,6860.3534,195.45,4675.3999,75.003,77366.625
2026-04-28,7138.7998,28157.7278,27029.0098,6841.9328,194.43,4591.5,73.205,76350.6719
2026-04-29,7135.9502,28069.5575,27186.9805,6815.655,193.87,4545.2002,71.569,75776.1328
2026-04-30,7209.0098,28384.9189,27452.1191,6872.3679,196.55,4614.7002,73.534,76304.3203
2026-05-01,7230.1201,28384.9189,27710.3594,6872.3679,196.76,4629.8999,75.951,78179.0
2026-05-04,7200.75,28133.6706,27651.8203,6758.7712,195.56,4519.5,73.072,79827.9062
2026-05-05,7259.2202,28530.3228,28015.0605,6862.7366,197.03,4555.7998,73.108,80927.0547
2026-05-06,7365.1201,29194.1747,28599.1699,7061.2495,200.63,4681.8999,76.811,81427.5312
2026-05-07,7337.1099,28973.4039,28563.9492,7016.329,199.12,4699.7998,79.701,80009.9922
2026-05-08,7398.9302,28553.0636,29234.9902,6935.1595,200.64,4720.3999,80.395,80186.7656
2026-05-11,7412.8398,28657.5019,29320.6602,6938.2726,200.88,4718.7002,85.485,81728.2969
2026-05-12,7400.96,28218.7866,29064.8008,6842.3251,200.57,4677.6001,85.13,80477.4922
2026-05-13,7444.25,28325.6018,29366.9395,6878.2215,201.63,4697.7002,88.888,79277.1172
2026-05-14,7501.2402,28653.076,29580.3008,6878.2215,202.74,4678.1001,84.912,81051.25
2026-05-15,7408.5,27931.3474,29125.1992,6796.3802,199.92,4555.7998,77.161,79065.6797
2026-05-18,7403.0498,28232.1938,28994.3691,6793.2633,200.25,4552.5,77.073,76954.1719
2026-05-19,7353.6099,28439.3169,28818.8398,6819.6132,198.97,4506.2998,74.828,76750.9062
2026-05-20,7432.9702,28712.8176,29297.6992,6936.4974,201.49,4531.2998,75.851,77457.7734
2026-05-21,7445.7202,28606.2032,29357.2695,6929.0737,202.07,4539.7998,76.414,77539.1719
2026-05-22,7473.4702,28923.372,29481.6406,6995.2939,202.54,4521.0,75.893,75488.2422
2026-05-25,7473.4702,29558.6422,29481.6406,6995.2939,202.54,4521.0,75.893,77279.9297
2026-05-26,7519.1201,29308.6116,30001.3203,7057.081,204.0,4500.3999,76.305,75825.7344
2026-05-27,7520.3599,29298.9982,29973.5703,7064.1889,203.91,4447.5,74.599,74344.7031
2026-05-28,7563.6299,29151.9494,30223.8906,7034.7719,204.8,4499.2998,75.645,73536.5547
2026-05-29,7580.0601,29254.0993,30333.1797,7050.5963,204.93,4560.5,75.616,73372.5234
2026-06-01,7599.96,29125.7944,30513.8594,7030.0542,205.36,4475.2002,75.007,71319.7734
2026-06-02,7609.7798,29233.1865,30660.5996,7106.7789,206.18,4489.1001,75.311,66703.6562
2026-06-03,7553.6802,28818.0796,30571.2402,7035.5171,204.65,4436.7002,73.476,64014.3672
2026-06-04,7584.3101,28959.6204,30407.8105,7085.6076,205.67,4475.7998,73.779,63801.5742
2026-06-05,7383.7402,28751.8165,28957.5996,7039.6689,200.38,4337.1001,68.943,60922.668
2026-06-08,7405.73,28364.2763,29414.2598,6985.3318,201.05,4335.8999,68.425,63090.5898
2026-06-09,7386.6499,28167.509,29084.5,6974.4072,200.38,4260.0,65.094,61643.7812
2026-06-10,7266.9902,27910.1522,28508.0293,6932.6915,197.44,4108.2002,64.599,61449.2891
2026-06-11,7394.2998,27927.4071,29446.1797,6987.08,201.54,4090.3,63.885,63561.0547
2026-06-12,7394.5,28373.7781,29399.1191,7121.3361,201.51,4205.0,66.6,63449.5312
